source,interaction,target
TAL1,1,NKX3-1
IGF2,1,IGF1R
OPRM1,1,GNB2
LRRK2,1,MAP2K3
LRRK2,1,MAP2K4
TLR4,1,TIRAP
TLR4,1,TICAM2
TICAM2,1,TICAM1
JAK1,1,SHC1
TRAF6,1,MAP3K7
TICAM1,1,TRAF6
RCAN1,-1,PPP3CA
NOS1,-1,NFKBIA
TLR3,1,TICAM1
MYD88,1,IRAK4
GSK3B,1,RCAN1
LRRK2,1,MAP2K7
LRRK2,1,MAP2K6
ATG14,1,BECN1
SIRT2,-1,FOXO1
CARD8,-1,CASP9
CARD8,-1,APAF1
CASP1,-1,CARD8
TP53,-1,BCL2
CFLAR,-1,ATG3
RPS6KA3,-1,BAD
DAPK1,-1,BCL2
CDK1,1,BIRC5
GAPDH,-1,RHEB
CALM2,1,RAC1
TP53,1,VDR
TP53,1,TSC2
MIR17HG,-1,BCL2
GAPDH,1,APEX1
BIRC2,1,ERC1
APLF,1,PARP1
JUN,1,PPM1D
SMAD2,1,CREB1
BTRC_CUL1_SKP1,-1,CLSPN
ATM,-1,TRIM28
CCNA2_CDK2,1,BRCA1
IKBKE,1,RELA
GSK3B,1,AXIN1
CSNK1A1,-1,PRKN
E2F7,-1,SP1
GSK3B,1,LRP6
GNAQ,-1,GSK3B
BTRC_CUL1_SKP1,-1,WEE1
MAPK8,-1,YWHAZ
BCL2,-1,BECN1
CHEK2,-1,CDC25A
PLK1,-1,WEE1
HMGA2,1,ATM
ATM,1,HMGA2
PPP3CA_PPP3R1,1,BAD
BTRC_CUL1_SKP1,-1,CDC25A
CDK5,-1,PRKN
CSNK1A1,-1,CTNNB1
CSNK1A1,-1,CDC25A
ERBB2,1,GRAP
CHEK1,1,TP53
E2F1,1,CASP3
TP53,1,PERP
PPARG,1,KMT5A
TP53,1,MMP2
E2F1,1,XPC
TP53,1,MET
TP53,1,NLRC4
ATR,1,E2F1
YWHAQ,1,E2F1
E2F1,1,DDB2
ATM,-1,MDM2
MIR17HG,-1,NCOA3
DDX17,1,ESR1
DDX17,1,MDM2
TP53,1,RB1
SNCB,-1,TP53
TP53,-1,PTK2
TP53,1,PTEN
TP53,1,PRKAB1
SGK1,-1,FOXO3
SH3RF1,1,MAPK8
CHUK_IKBKB_IKBKG,-1,FOXO3
AKT1,-1,FOXO1
NR2F2,-1,CEBPA
YWHAQ,-1,RPTOR
NR2F2,-1,PPARG
DUSP16,1,MAPK8IP2
E2F1,1,CASP7
FOS_JUN,1,SPI1
TP53,1,SFN
TP53,1,COP1
MIR17HG,-1,CCND1
TP53,1,TP73
TP53,1,TP63
GSK3B,1,CCND1
ETS1,1,STAT1
STAT1,1,ICAM1
TP53,1,TNFRSF10A
TP53,1,TGFA
AXIN1,1,MYC
GSK3B,-1,MYC
CHEK1,-1,CDC25A
KAT7,1,H4C6
CASP8,1,CASP6
NCOA1,1,H4C6
CDK1,1,CSNK2B
DYRK2,1,TP53
TBK1,1,IRF7
RUNX1,1,IER3
MAVS,1,TBK1
NCOA3,1,H4C6
TLR5,1,MYD88
RIPK2,1,BCL10
NCOA2,1,H4C6
ATR,1,RFWD3
TNFRSF10A,1,FADD
CASP1,1,IL1B
CSNK2B,1,TP53
PRMT6,-1,THBS1
ESCO1,1,KDM1A
TNFAIP3,-1,IKBKG
XPC,1,DDB1
ESCO1,1,RAD21
MIR17HG,-1,E2F1
MIR17HG,-1,VEGFA
PIK3R4,1,PIK3C3
BID,1,BAK1
BID,1,BAX
ATM,-1,PLK1
DIABLO,-1,XIAP
ATR,-1,PLK1
PRMT6,1,PGR
MRE11_NBN_RAD50,1,ATM
PRMT6,1,ESR1
WEE1,-1,CDK1
PPM1A,-1,PRKAG1
BRD4,1,CDK9
CDK9,1,RB1
PIN1,1,FBXO5
MAPKAPK2,-1,HSPB1
E2F1,1,HIC1
SMARCA4,1,HIC1
RNF8,1,RNF168
CREBBP,1,H3C13
SOCS3,-1,TRAF6
SOCS3,-1,MAPK8IP1
MAP2K2,1,MAPK3
PPP5C,-1,TP53BP1
MAPK8,-1,IRS1
PPP5C,-1,PRKDC
MAPK8IP1,-1,MAPK8
CASP5,1,IL1B
MAPK8,1,BAX
MAP2K1,1,MAPK1
SUMO1,1,YAP1
PPM1D,-1,ATM
HSP90AA1,1,SMYD2
SMYD2,-1,TP53
HTRA2,-1,XIAP
CCL5,1,CCR5
IL6,1,IL6ST
MAVS,1,IKBKB
FKBP8,1,BCL2L1
FKBP8,1,BCL2
TP53,-1,RECQL4
GSK3A,-1,BCL3
PPM1D,-1,CHEK2
DIABLO,-1,BIRC2
DIABLO,-1,BIRC3
MYC,1,MIR17HG
DIABLO,-1,BIRC5
FADD,1,RIPK1
EGR1,1,TOPBP1
E2F1,1,PPM1D
E2F1,1,MAP3K5
HTRA2,-1,BIRC6
HTRA2,-1,BIRC3
HTRA2,-1,BIRC2
ATG4B,1,GABARAP
BIRC6,-1,DIABLO
CASP3,-1,IKBKB
CASP3,-1,RELA
ATG4B,1,GABARAPL2
ATM,1,IKBKG
BIRC2,-1,CASP7
BIRC3,-1,CASP7
ATM,1,H2AX
H2AX,1,MDC1
CASP3,-1,CTNNB1
BIRC5,-1,CASP9
EGFR,1,GRB2
TAB1,1,MAP3K7
CASP3,1,ROCK1
TRAF6,1,TAB2
BIRC3,-1,CASP9
CASP3,-1,BIRC6
PINK1,1,BECN1
CASP3,1,CASP7
TAB2,1,MAP3K7
DAXX,1,MAP3K5
FAS,1,DAXX
WDFY3,1,SQSTM1
CASP7,-1,PARP1
ARNT_HIF1A,1,GAPDH
ARNT_HIF1A,1,CP
TRAF2,1,MAP3K5
BIRC6,-1,CASP7
ARNT_HIF1A,1,EPO
PRKACA,-1,MAP1LC3B
RPS6KA3,-1,TSC2
RPS6KA1,-1,TSC2
MAPK3,-1,TSC2
IL1A,1,IL1R1
AMBRA1,1,BECN1
PDGFRB,1,ABL2
ABL1,1,PDGFRB
TRAF2,1,IKBKB
TP53,1,FASLG
DAP3,1,CYCS
EIF4G2,1,XIAP
EIF4G2,1,BIRC2
BAK1,1,HTRA2
EIF4G2,1,APAF1
BID,-1,BCL2L1
BCL2,-1,BAK1
BCL2L1,-1,BAK1
TP53,1,BCL6
BCL6,-1,TP53
SP1,1,GDF15
PIDD1,1,RIPK1
TNFAIP3,-1,BECN1
PIDD1,1,CRADD
CRADD,1,RIPK1
CRADD,1,CASP2
CASP2,1,TRAF2
TRAF6,1,BECN1
TRAF2,1,RIPK1
TRADD,1,RIPK1
TP53,1,HIC1
PADI4,1,NPM1
TP53,-1,HSP90AB1
TP53,-1,HSPA8
TP53,1,LIF
TP53,1,RNF144B
NOTCH1,1,RRAS
HMGB1,-1,BECN1
CDK1,-1,PIK3C3
MCL1,-1,BECN1
CDK5,-1,PIK3C3
DYNLL1,-1,AMBRA1
ULK1,-1,DYNLL1
ULK1,1,AMBRA1
MAPK1,1,RPTOR
ULK1,1,DAPK3
PLK1,-1,FBXO5
CDK1,-1,FBXO5
EVI5,1,FBXO5
BTRC,-1,FBXO5
BCL6,-1,ZBTB17
BCL6,-1,ATR
ZBTB17,-1,CDKN1A
LTC4S,1,CTNNB1
MYB,1,GATA3
RUNX3,1,CD4
RUNX1,1,CD4
MYB,1,KIT
MYB,1,MYC
EP300,1,MYB
LTC4S,1,CDK8
CREBBP,1,MYB
MYB,1,COL1A2
MYB,1,COL1A1
ATM,1,TP53BP1
PAXIP1,1,ATM
NLK,-1,MYB
PIN1,1,BCL6
TP53BP1,1,PAXIP1
PAXIP1,1,TP53BP1
PER1,1,ATM
STAT1,1,MDC1
GSK3B,1,MDM2
GSK3A,1,LTC4S
ARNT_HIF1A,1,VEGFA
SMAD3,1,GNRHR
GAPDH,-1,EDN1
PNPLA8,1,PTGS2
SMAD2,1,GNRHR
JUN,1,PTGS2
SMAD4,1,GNRHR
NR5A1,1,GNRHR
FKBP4,-1,PPP3CA
DKK1,1,LRP6
SIRT6,-1,RELA
DKK1,-1,LRP5
WNT5A,1,FZD5
COPS5,1,MYC
COPS5,1,MDM2
COPS5,1,JUN
COPS5,-1,CDKN1B
TWIST1,-1,TIMP1
TWIST1,-1,CDH1
TWIST1,-1,RELA
AKT2,1,TWIST1
LRP5,-1,GSK3B
FRAT1,-1,GSK3B
ULK2,-1,PRKAB1
PRICKLE1,-1,DVL3
CSNK2A1,1,CDH1
CSNK2A1,1,CTNNB1
ATM,-1,RBBP8
MSH2,1,ATR
ATM,1,TRAF6
DVL3,1,LRRK2
IL10,-1,RELA
MTNR1A,1,GNAQ
KAT5,1,AR
KAT5,1,MYC
PML,1,KAT5
PPP5C,1,ATM
MTNR1A,1,GNAI3
CDK11A,-1,EIF3F
CDK11B,-1,EIF3F
DDB2,-1,CDKN1A
PPM1D,-1,H2AX
TP53,-1,MIR17HG
AURKA,1,HDAC6
SMARCB1,1,MYC
HDAC3,1,TRIM28
TRIM28,-1,STAT3
TRIM28,1,TBL1XR1
RB1,-1,E2F1
E2F1,1,PTTG1
KLF6,-1,PTTG1
PTTG1,-1,TP53
CDC73,-1,MYC
CD28,1,GRB2
CSNK1A1,-1,CARD11
EP300,-1,HDAC6
HDAC6,1,CTTN
KDM4A,1,AR
ZBTB4,-1,CDKN1A
GATA3,1,IL10
DDX5,1,TP53
DDX5,1,HDAC1
IKBKE,-1,NFKBIA
PRKN,1,IKBKG
MAP3K7,1,IKBKG
ATF1,1,IL10
CD28,-1,CBLB
SMAD4,1,IL10
SP3,1,IL10
JAK1,1,STAT3
PLK1,-1,PKMYT1
MAP3K14,1,RCAN1
MAP3K14,1,RELA
MAP3K14,1,STAT3
PRKDC,1,TP53
STAT3,1,JUNB
BCL3,1,NFKB1
STAT3,1,BIRC5
STAT3,1,EGR1
STAT3,1,PIM1
CDK2,-1,FOXO1
TSC1_TSC2,-1,MTOR
EP300,1,TP53
CTNNB1,1,FOXO1
ERBB3,1,GRB7
AKT1,1,FOXO3
AKT1,1,FOXO4
CREBBP,1,NFKB1
USP7,1,FOXO1
SIRT1,1,FOXO1
NR1I2,1,FOXO1
FOXO1,1,NR1I2
CTNNB1,1,FOXO4
CTNNB1,1,FOXO3
AKT1,1,EP300
CHUK,1,CREBBP
MIR17HG,-1,CXCL8
MIR17HG,-1,S1PR1
CREBBP,1,CTNNB1
EP300,1,CTNNB1
SIX3,-1,WNT1
NOLC1,-1,CSNK2A1
ULK1,1,BECN1
BECN1,1,PIK3C3
BAK1,1,BAX
PRMT5,-1,H4C6
APC2,1,CTNNB1
CDH1,-1,CTNNB1
MTA1,-1,SIX3
SIAH1,-1,CTNNB1
HDAC2,-1,H4C6
ESR1,1,WNT4
MTA1,1,WNT1
THRA,1,NR2F2
H2AX,1,TP53BP1
MAP3K7,1,MAPK8
TRAF2,1,MAP3K7
HSPB1,1,SP1
CSNK1E,1,CTNND1
HSPB1,1,UBE2N
PRKD1,1,HSPB1
TSC1_TSC2,-1,GSK3B
SMURF2,-1,PRICKLE1
SMURF1,-1,PRICKLE1
CSNK1E,-1,CDH1
GSK3A,1,LRP6
PTEN,1,E2F1
GSK3B,-1,CTNNB1
DDIT3,1,ITGAM
TP53,1,SIAH1
CASP8,1,CASP7
CASP8,1,BID
NGF,1,NTRK1
CEBPB,1,RUNX2
CASP9,1,CASP7
MAPK3,1,CEBPB
MAPK1,1,CEBPB
BNIP3,-1,RHEB
NUMA1,1,TUBB
BMI1,-1,CDKN2A
CSNK1A1,1,CREB1
BAD,-1,BCL2L1
ING1,1,CDKN1A
KDM3A,1,AR
FADD,1,CASP10
CFLAR,-1,FADD
CASP3,1,CASP6
BCL2,-1,BAX
SIRT1,-1,FOXO3
FOXO3,1,FASLG
FOXO3,1,CDKN1B
FOXO3,1,GADD45A
ATM,1,FBXO31
BAD,-1,BCL2
BCL2L1,-1,BAX
IL4R,1,JAK1
PDPK1,1,PRKCA
RPS6KA4,1,FOS
IL4,1,IL4R
IL4R,1,JAK3
NEK11,-1,CDC25A
IL3RA,1,JAK2
AKT1,1,SMARCB1
STAT6,1,THY1
STAT1,1,FASLG
PIAS4,-1,STAT1
STAT6,1,GATA3
MAPK3,1,RPS6KA5
FOXO3,1,PINK1
STAT1,1,ISG15
IKBKB,-1,NFKB1
MAP3K8,1,MAP2K1
MAP3K8,1,MAP2K2
BTK,-1,TIRAP
MAP3K8,1,MAP2K3
PDK1,1,SGK1
SGK1,-1,FOXO1
MTNR1A,1,MAPK1
KAT5,1,TP53
PAK1,-1,SORT1
MDM2,-1,KAT5
CDK1,1,KAT5
RIGI,1,MAVS
TBK1,1,IRF3
MAPK8,1,JUN
MAPK14,1,MKNK2
MAPK14,1,MKNK1
HSPA5,-1,EIF2AK3
EIF2AK3,1,NFE2L2
EIF2AK3,1,BIRC3
EIF2AK3,1,BIRC2
EIF2AK3,1,ATF4
MAP2K6,1,MAPK11
HSPA5,-1,ERN1
GHR,1,JAK2
PRLR,1,JAK2
JAK2,1,LEPR
IL5RA,1,JAK2
ATF2,1,GADD45A
PIAS4,1,IKBKG
SOCS3,1,CSF3R
PARP1,1,PIAS4
SOCS3,-1,LIFR
SOCS3,-1,IL6R
GNB2,-1,DVL1
NET1,1,RHOA
DVL1,1,DAAM1
PTEN,-1,ABI1
ERG,1,WNT11
ATM,-1,CREB1
ATM,-1,ATF1
SFRP1,-1,FZD6
GNAO1,1,DVL1
CRTC2,1,CREB1
CREB1,1,CREBBP
CSNK1A1,-1,CARM1
CSNK1E,1,DVL1
DVL1,1,RAC1
BAG2,1,STUB1
CREB1,1,TCL1A
CREB1,1,SMARCA4
CREB1,1,SMAD6
CREB1,1,MYC
SDC4,1,DVL1
CSNK1A1,-1,PER1
ARRB1,1,DVL1
IRF1,1,TNFSF10
IRF1,1,CASP8
IRF1,1,PCNA
KAT5,1,H4C6
SIRT1,-1,KAT5
RPS6KA4,1,CREB1
KDM6A,1,RB1
H2AX,1,KAT2A
HDAC1,1,TRIM28
HDAC2,1,STAT3
SIRT1,-1,RELA
SET,-1,NME1
BMI1,1,RNF2
STAT1,-1,CREBBP
CREBBP,1,MMP9
FOXO1,1,TRIM63
IL10,-1,NFKB1
EP300,-1,RECQL4
JUN,1,CTNNB1
HSPB1,-1,AR
PRKCD,-1,HSPB1
NR2F2,1,THRA
TGFA,1,EGFR
PRKCA,1,MAPK1
PRKCA,1,MAPK3
THRB,1,PPARG
EP300,-1,BCL6
SRC,1,EGFR
CYLD,-1,TRAF6
CAPN3,-1,NFKBIA
CASP8,-1,MAP3K14
CYLD,-1,TRAF2
CYLD,-1,IKBKG
HOXA10,1,FOXO1
AR,-1,FOXO1
AR,-1,FOXO3
CEBPB,1,FOXO1
CASP8,-1,TRAF1
PRKCB,-1,KIT
TEC,1,DOK1
FYN,1,DOK1
LYN,1,DOK1
NR2F6,1,RXRA
SRC,1,KIT
LYN,1,KIT
PRKCA,-1,KIT
PTPN6,-1,KIT
MDM2,-1,AR
PRKDC,1,TRIM28
MAPK11,1,ATF2
PPARA,-1,FOXO1
PPM1D,1,MDM2
FOXO1,-1,PPARG
FOXO1,-1,NCOR2
PPARG,1,PTGS2
FOXO1,1,MAML1
PTPN6,-1,CD247
ACP1,1,ZAP70
PTPRJ,-1,LAT
PTPRJ,-1,PLCG1
BIRC2,1,IKBKG
MTOR,1,RPS6KB1
GSK3B,1,MAP3K1
ITCH,-1,CFLAR
CDC34,-1,NFKBIA
RIPK1,1,RIPK3
RIPK1,1,MAP3K1
SRC,1,IKBKB
IKBKB,-1,NFKBIB
TBK1,1,IKBKB
IKBKB,1,RELA
MAP3K3,1,IKBKB
IKBKB,-1,NFKBIA
APEX1,1,TP53
TXN,1,NFKB1
PRMT1,1,MRE11
MAP3K1,1,CHUK
SRC,-1,NFKBIA
TBK1,1,CHUK
MAP3K3,1,CHUK
RPS6KA5,1,RELA
CHUK,-1,NFKBIB
PLK1,1,STAG2
PLK1,1,RAD21
WAPL,-1,RAD21
GRB2,1,SOS1
FANCC,1,BLM
SRC,1,CHUK
CHUK,1,RELA
CHUK,1,H3-4
AKT2,1,CHUK
TNFAIP3,-1,RIPK1
PRKCZ,1,RELA
MAP3K14,1,CHUK
PRKACA,1,RELA
TBK1,1,RELA
HMGN1,1,ATM
KAT2B,1,EP300
E2F1,1,DTL
KAT2B,1,CREBBP
PARP1,-1,KDM5B
HDAC1,-1,TP53
SIRT1,1,XRCC6
ERCC6,1,H4C6
PTK2,1,BCAR1
AURKA,1,BRCA1
ATM,1,ATF2
EP300,1,DDX17
MTA1,-1,ESR1
MTA1,-1,BRCA1
NR3C1,1,NR4A3
RPS6KA4,1,RELA
ACTL6A,1,ATM
PDPK1,1,AKT1
SUMO1,-1,PARP1
CDK1,-1,TP53BP1
NR4A3,1,NR3C1
UBE2I,1,TRIM28
PPP1CA,1,TRIM28
EP300,1,TDG
ATM,1,EP300
EP300,1,DDX5
EP300,1,H2AX
EP300,1,H4C6
EP300,1,PARP1
CSNK1A1,-1,LEF1
TDG,1,APEX1
CSNK1A1,-1,PHLPP1
CSNK1A1,-1,IFNAR1
CSNK1A1,1,AXIN1
TWIST1,1,VEGFA
TWIST1,1,MDM2
ZBTB16,1,MYC
NR4A1,1,NR2F1
FBXO31,-1,CCND1
PRKDC,1,HNRNPU
CBL,-1,LYN
CBLB,-1,SYK
PRKCB,1,CARD11
ATRIP,1,BRCA1
NR4A1,1,NR4A2
CASP3,-1,AKT1
NCOR2,-1,PPARG
TGFBR1_TGFBR2,1,RHOA
NCOR1,-1,PPARG
PPARG,1,SORBS1
SIRT1,1,NCOR2
SIRT1,1,NCOR1
ARNT_HIF1A,1,ERCC6
FBXW7,-1,NOTCH1
GSK3B,-1,NOTCH2
NLK,-1,LEF1
SMAD3,1,FOXO1
PPP2CA,1,AXIN1
SYK,-1,LCK
MAML1,1,RBPJ
NCOR1,-1,RBPJ
SYK,1,CBL
ESR1,-1,FOXO1
MAPKAPK2,1,CREB1
PGR,1,FOXO1
SYK,1,PLCG1
LYN,1,NEDD9
BTK,1,GTF2I
PRKCA,1,DVL2
LYN,1,BCAR1
PRKCB,1,DVL2
FOXG1,-1,FOXO1
PRKCQ,1,CARD11
PTK2B,1,STAP1
MYC,-1,CDKN1A
PRKCB,1,RASGRP3
PRKCB,-1,BTK
MAPK8,1,ATF2
HINFP,1,PRKDC
EP300,1,SMAD2
CEBPB,1,E2F4
PRKCG,1,DVL2
HIPK2,1,NLK
MAP3K7,1,HIPK2
NR4A2,1,NR4A1
PPP2CA,-1,APC
AKT1,-1,AR
PAK6,-1,AR
CASP8,-1,AR
HDAC1,-1,AR
NR4A1,1,NR4A3
CASP3,-1,AR
CASP7,-1,AR
CASP1,-1,AR
GSK3B,1,APC
CDK6,-1,CTNNB1
NR4A3,1,NR4A1
RECQL4,1,APEX1
NPAT,1,HINFP
HINFP,1,H4C6
ATR,1,PRKDC
HINFP,1,ATM
HNF1A,1,ESR1
DTX1,-1,MAP3K1
ARNT_HIF1A,1,FLT1
ARNT_HIF1A,1,ADRA1B
ARNT_HIF1A,1,ADM
ARNT_HIF1A,1,EDN1
MAP3K7,1,NLK
PMS2,1,TP73
WNT5A,1,NLK
ARNT_HIF1A,1,CDKN1A
ARNT_HIF1A,1,PGK1
ARNT_HIF1A,1,PKM
ARNT_HIF1A,1,IGF2
CHEK1,-1,TLK1
CHEK1,-1,TLK2
APEX1,1,TXN
ROCK1,1,LIMK2
CDC42BPA,1,LIMK2
STAT6,1,RHOA
TOPBP1,1,ATRIP
CTNNB1,1,NR4A1
DCLRE1B,1,ATR
HSPA1A,1,DCLRE1B
DCLRE1B,1,ATM
PLK1,-1,FANCM
TRAF6,1,TAB1
USP28,-1,MYC
USP7,-1,SKP1
BTRC_CUL1_SKP1,-1,FANCM
KPNA2,1,IRF1
IRF1,1,BRIP1
IRAK1,1,IRF7
TLR2,1,TICAM2
TICAM2,1,MYD88
CTNNB1,1,NR4A2
HNRNPK,1,TP53
RHOA,1,PKN2
BIRC2,-1,MAP3K14
RB1,-1,YY1
BIRC3,-1,MAP3K14
BIRC2,1,RIPK1
BIRC3,1,RIPK1
ERCC6,-1,TP53
CTNNB1,1,NR4A3
TRAF6,1,AKT3
TRAF6,1,AKT1
MYD88,1,IRAK1
PDK1,1,PKN2
TDG,1,AR
TDG,1,PGR
TDG,1,NR3C1
MPG,-1,ESR1
TDG,1,CREBBP
HSF1,1,PRKDC
ELAVL1,1,FOS
ELAVL1,-1,MYC
ELAVL1,1,CDKN1A
ELAVL1,1,CCNA1
TDG,1,ESR1
FOXO3,1,ATM
STAT1,1,CASP1
E2F1,1,TP53
CCNA1,-1,E2F1
ELAVL1,1,TP53
SUMO1,-1,TDG
SUMO2,1,KDM1A
NOLC1,1,TP53
MYC,-1,NFYA
KDM1A,-1,TP53
PCNA,1,FANCL
NFKBIE,-1,PAG1
PIN1,1,TP53
PPP1R13L,-1,TP53
MYC,-1,PLAC8
PLAC8,1,AKT1
ATM,1,KAT8
FOXM1,1,CDC25C
NF1,-1,HRAS
PCBP2,1,ITCH
ITCH,-1,MAVS
GRK2,1,SMO
HTT,-1,PAK2
UIMC1,1,MDM2
HDAC1,1,GLI1
GSK3B,1,SUFU
DYRK2,-1,GLI2
RPS6KA5,1,HMGN1
RPS6KA4,1,HMGN1
EP300,-1,HMGN1
HMGN1,1,TRRAP
HMGN1,1,KAT2B
ZNF420,1,HDAC1
TELO2,1,MTOR
TELO2,1,ATM
GADD45A,-1,CDK1
CDK1,1,CDC25A
TRIM28,1,MDM2
ATM,-1,ZNF420
CHEK1,1,CLSPN
LCK,1,CD247
FYN,1,CD247
ZAP70,1,SHC1
MAP4K1,1,CARD11
LCK,1,GAB2
MAPK14,-1,CCND2
PTPRH,-1,LCK
LCK,1,ZAP70
PRKCQ,1,STK39
LCK,1,MUC1
ZAP70,1,MUC1
ZAP70,1,GAB2
ZAP70,1,VAV1
LCK,1,VAV1
FYN,1,LCP2
BTRC_CUL1_SKP1,-1,FBXO5
FYN,1,VAV1
FBXO5,-1,FZR1
PLK1,-1,EVI5
PARP1,-1,AURKB
ITK,1,LAT
LCK,1,LCP2
ZAP70,1,LCP2
ZAP70,1,SH2B3
LCK,1,SH2B3
BUB1B,-1,CDC20
MAD2L1,-1,CDC20
CHEK2,1,PTTG1
SYK,1,DUSP3
CHEK1,1,PTTG1
ZAP70,1,DUSP3
TLR9,1,MYD88
MAP3K7,1,MAP3K14
MAPK14,-1,DDB2
SMARCA4,1,CDKN1A
E2F4,-1,MYBL2
SMARCA4,1,GADD45A
ATM,1,BLM
SKI,-1,SMAD5
FBXW8,-1,CCND1
PTPN6,-1,IL2RB
IKBKB,1,DOK1
PTPN6,1,JAK1
COPS5,-1,SMAD4
KPNA2,1,CHEK2
CAMK2A,-1,SMAD2
RNF111,-1,SKI
SMURF1,1,SMAD7
RNF111,-1,SMAD7
BUB1,-1,CDC20
RNF111,-1,SKIL
KDM1A,-1,ACTB
E2F1,1,KAT2A
MAPK7,1,NR4A1
IRAK4,1,IRAK1
SMURF1,1,TGFBR1
NR4A1,-1,BCL2
AKT1,-1,NR4A1
ATM,1,E2F1
CDK2,-1,CDKN1A
ATM,1,SP1
MAP2K5,1,MAPK7
MAP3K3,1,MAP2K5
STAT3,1,MAP2K5
ATM,-1,MDM4
CCNA2_CDK2,1,NFYA
TP53,-1,NFYA
SIRT1,1,APEX1
ASF1A,1,EP300
APEX1,-1,PTH
KAT2B,1,H4C6
MDM2,-1,APEX1
MDM2,-1,MDM4
PCNA,-1,EP300
MDM4,-1,TP53
CDKN1A,-1,PCNA
APEX1,1,STAT3
ABL1,1,MAP2K6
APC,-1,CTNNB1
BTRC_CUL1_SKP1,-1,CTNNB1
EP300,1,APEX1
CCNH,1,CDK7
ATR,1,ATM
USP28,-1,SKP1
GFI1,-1,BAX
CLK2,1,ATR
KDM1A,1,AR
MAPK8,1,ITCH
AURKA,1,CDC25B
CDK1,1,CDC25B
PLK1,-1,CLSPN
SRC,1,RXRA
ATR,-1,CLSPN
TP53,1,PMS2
TOPBP1,1,BRIP1
FANCM,1,BLM
FANCM,1,BHLHE40
INCENP,1,PLK1
CHEK2,-1,MDM2
ASF1A,1,H4C6
CHEK2,-1,ASF1A
TGFBR2,1,TGFBR1
TGFBR1,1,SHC1
TGFBR2,1,PARD6A
TGFBR1,1,PPP2R2A
MAPK8,1,SMAD3
MAPK14,1,ATF2
SMURF1,-1,RHOA
MAPK14,1,SMAD3
KSR1,1,RAF1
TGFBR1,1,FNTA
ROCK1,-1,CDC25A
MAPK14,1,MEF2C
NEDD4L,-1,SMAD2
ITCH,1,SMAD7
MAPK1,-1,FRS2
PAK1,1,CTBP1
CBL,1,EGFR
CBLB,-1,EGFR
TNK2,1,MCF2
EGFR,1,JAK1
PTK6,1,KHDRBS1
PPM1A,-1,SMAD2
CREBBP,1,SMAD3
KAT2B,1,SMAD2
EP300,1,SMAD3
CREBBP,1,SMAD2
PIAS1,1,SMAD4
PIAS2,1,SMAD4
PRKD1,1,EGFR
EGFR,1,STAT3
CAMK2A,1,EGFR
EGFR,1,VAV2
MAPK3,1,STAT3
PTGS2,-1,KEAP1
PAK1,1,MAP2K1
EGFR,-1,CRK
MAPK3,1,PTPN5
EGFR,1,SHC1
SRC,1,BCAR1
PTPN11,-1,EGFR
PRKCA,1,PLD1
MAPK3,-1,PTPN11
PLK1,1,CDC25C
TRAF6,1,MAP3K5
FOXM1,1,PLK1
FOXM1,1,AURKB
ECT2,1,CDC42
RACGAP1,-1,CDC42
FOXM1,1,CDC25A
PARP1,1,H4C6
FOXM1,1,CDC25B
ECT2,1,RHOA
ADAM17,-1,PTPRF
PTPN6,1,CTNND1
TXN,1,ESR1
PTPN12,-1,JAK2
RPS6KA5,1,CREB1
RHOA,1,ROCK1
RPS6KA5,1,ATF1
PTPN11,-1,PXN
APEX1,1,CCNO
TXN,-1,MAP3K5
LYN,1,CD19
BTK,1,PLCG2
LYN,1,BTK
PRKCQ,1,RASGRP3
PRKD1,1,PLCG1
SYK,1,SHC1
RPS6KA1,1,CREB1
PRKD1,1,SYK
SYK,1,GAB2
PTPN6,-1,LCP2
LYN,1,GAB2
LYN,1,CD22
PRKCB,1,IKBKB
MAPK1,-1,BCL6
CHUK,-1,NFKBIA
CDK6,-1,RB1
BTK,1,PIK3AP1
SYK,1,PIK3AP1
PRKCB,1,CHUK
FYN,1,SYK
LYN,1,SYK
E2F2,1,MIR17HG
TP73,1,FAS
SIAH2,-1,HIPK2
YAP1,1,TP73
ITCH,-1,TP73
TEC,1,PLCG2
ATM,-1,SIAH1
ITK,1,PLCG2
BTK,1,PLCG1
ITK,1,PLCG1
TEC,1,STAP1
CDK4,-1,RB1
CDK2,-1,RB1
SIAH1,-1,HIPK2
HIPK2,-1,CTBP1
CASP6,1,HIPK2
MAPK8,-1,CTBP1
ABL1,1,YAP1
CSNK2B,-1,CHEK2
BCL2,-1,TP53AIP1
TP53AIP1,1,CYCS
TP53,1,TP53AIP1
TP53,-1,CDC20
E2F3,1,MIR17HG
E2F1,1,FGFR1
AURKB,1,RB1
E2F1,1,RELA
E2F6,-1,E2F1
E2F1,-1,HSPA5
PLK1,-1,BORA
BUB1,1,PLK1
AURKA,1,PLK1
PLK1,1,BUB1B
PTPN2,-1,STAT3
PTPN2,-1,STAT1
PTPN2,-1,KDR
NANOS1,1,HDAC2
NOS1,1,HDAC2
MAPK8,1,STAT5A
ABL1,1,PRKCD
PRKCD,-1,PRKDC
TXN,1,SP1
TXN,1,NR3C1
DUSP1,-1,MAPK14
MAPK14,1,FOS
MAPK14,-1,EGFR
MAPK14,-1,CDC25A
MAPK9,-1,CDC25B
MAPK8,-1,CDC25B
MAPK14,-1,CDC25B
SIRT1,-1,TP53
NOL3,-1,FADD
NOL3,-1,FAS
NOL3,1,BAX
CDK1,1,CSNK2A1
KAT2A,1,SOCS1
MAPK1,1,GATA2
SRC,1,STAT3
PRKACA,-1,BAD
PTPN6,-1,STAT5A
FES,1,IRS2
PRKCZ,1,STAT6
PRKCZ,1,JAK1
FES,1,IRS1
JAK3,1,FES
CREBBP,1,STAT6
JAK1,1,FES
JAK1,1,STAT6
EP300,1,H3C13
LYN,1,IL5RA
EP300,1,STAT6
PTTG1,-1,ESPL1
PTPN11,-1,PTK2B
PRKCD,-1,STAT3
JAK1,1,BTK
TP73,1,CASP6
AKT1,-1,GSK3A
FBXO5,-1,CDC20
JAK1,1,IL7R
JAK1,1,STAT5A
CASP9,-1,LYN
CASP7,-1,LYN
JAK3,1,IL7R
JAK3,1,IRS1
PPP3R1,1,NFATC1
HDAC1,-1,NFE2L2
JAK1,1,SOCS3
JAK3,1,SOCS3
E2F4,-1,CDK1
JAK3,1,JAK1
JAK1,1,SYK
JAK3,1,IRS2
JAK3,1,STAT3
PTPN6,1,JAK3
MAPK1,-1,GAB2
MAPK3,-1,GAB2
LYN,1,MAPK3
MAPK1,1,LCK
CCNA2_CDK2,1,MYBL2
LCK,1,IL2RB
MYBL2,1,CDK1
JAK1,1,IL2RB
HDAC3,-1,H4C6
JAK3,1,STAT5A
JAK1,1,PIK3R1
IL2RG,1,PIK3R1
FYN,1,PIK3R1
LCK,1,PIK3R1
JAK1,1,PIK3R2
IL2RG,1,PIK3R2
FYN,1,PIK3R2
LCK,1,PIK3R2
MAPK1,1,GATA1
MAPK1,1,BCL2
MAPK3,1,BCL2
PTPN11,1,GAB2
MAPK3,1,GATA1
JAK2,-1,PPP2CA
PTPN11,1,STAT5A
NFE2L2,-1,CCL2
CASP8,1,TP63
CASP3,1,TP63
CASP8,1,TP73
CASP3,1,TP73
HIPK2,1,PML
PML,1,YAP1
SPHK2,-1,HDAC2
RNF168,1,H2AX
VDR,1,PLD1
SPHK2,-1,HDAC1
NCOR2,1,HDAC3
NCOR1,1,HDAC3
HDAC4,-1,CDKN1A
HDAC3,1,CDKN1A
HDAC3,-1,RELA
CDKN2D,1,CDK6
SP1,1,HDAC4
CREBBP,1,HNF1A
CDKN2C,1,CDK6
CDKN2D,1,CDK4
MYC,-1,CDKN2A
CDKN1A,-1,CCNA2_CDK2
CDKN2C,-1,CDK4
MYC,1,EIF4E
MYC,1,CUL1
AR,1,CFLAR
ATR,1,TP53
SP1,1,CDKN1A
KAT2B,1,HNF1A
AR,-1,CASP2
AR,1,CDKN1A
PSME3,-1,CDKN2A
MDM2,-1,TP53
SHC1,-1,FOXO3
AR,1,F2R
APEX1,1,EGR1
AR,1,FKBP5
AR,1,FGF8
PSME3,-1,NCOA3
TP53,1,CDKN1A
TP53,1,APAF1
MAPK3,1,SHC1
TP53,1,BAX
ATM,1,BRCA1
ATM,1,TP53
AR,1,KLK4
AR,1,MMP2
APEX1,1,FOS
TP53,1,GADD45A
E2F1,1,TP73
USP7,1,CLSPN
CHEK1,1,CDC25C
CHEK2,1,CDC25C
TP53,1,MSH2
TP53,1,PCNA
TP53,1,PADI4
BRCA1,1,RBBP8
ATM,1,CHEK2
GSK3B,-1,HSF1
GSK3B,-1,CREB1
UBE2I,-1,SOX4
SUMO1,1,UIMC1
SUMO1,1,SMAD4
IFIH1,-1,RIGI
UBE2I,1,SUMO1
PADI4,-1,H4C6
MAF,1,IL10
SUMO1,-1,SRF
FYN,-1,NFE2L2
CREBBP,1,RELA
HDAC3,-1,CREBBP
SUMO1,1,NRIP1
CREBBP,1,NFE2L2
SUMO1,1,TRAF6
MAF,1,NFE2L2
PPP1R1B,-1,PPP1CA
TRAF6,-1,MYB
SUMO2,1,RARA
ZFHX3,1,NEUROD1
NEUROD1,1,CDKN1A
ZBTB16,-1,CEBPA
NEUROD1,1,NTRK2
SUMO1,1,ZBTB16
PRKCG,-1,KEAP1
CDK2,-1,ZBTB16
ZBTB16,1,DUSP6
ZBTB16,-1,GFI1
CDK5,1,ATM
EP300,1,ZBTB16
CDK5,-1,CDK5R1
MYC,1,CAPN3
HUWE1,1,MYC
CDKN2A,-1,KAT5
CDKN2A,-1,CDK6
NPM1,-1,CDKN2A
AKT1,1,NUAK1
MCPH1,1,ATM
CDKN2A,-1,HUWE1
CCNA2_CDK2,1,RBBP8
PRKAA1_PRKAA2_PRKAB1_PRKAB2_PRKAG1_PRKAG2_PRKAG3,1,TP53
PRKAA1_PRKAA2_PRKAB1_PRKAB2_PRKAG1_PRKAG2_PRKAG3,1,CDKN1B
ATR,1,UIMC1
AKT1,1,XIAP
CCNA2_CDK2,1,ATRIP
ATF1,1,SH3RF1
BAZ1B,1,H2AX
IRS1,1,ATM
HNRNPK,1,MDM2
PPP1CA,1,HDAC1
PPP1CA,1,RB1
MDM2,-1,HNRNPK
KMT2A,1,CDKN2C
KMT2A,1,CDKN1B
PAK2,1,ABL1
JUN,1,CGA
CYCS,1,APAF1
EGR1,1,DUSP1
EGR1,1,DUSP4
GNAI1,1,MMP2
ABL1,1,PRKD1
DTL,-1,KMT5A
ABL1,-1,PLCG1
TCL1A,1,AKT3
FOXO1,1,EIF4EBP1
AKT3,-1,AKT1S1
GNA11,-1,PIK3CA
FOXO1,1,CDKN2B
GNRHR,1,GNAS
FOXO1,1,CDKN1B
GNRHR,1,GNA11
ABL1,-1,MDM4
FOXO1,1,CAV1
GNRHR,1,GNAI1
ABL1,1,NCOA3
ABL1,1,NEDD9
ABL1,1,NFKBIA
ABL2,1,NFKBIB
ABL1,1,MUC1
ABL1,-1,MYOD1
ABL1,1,NCK1
STK38,-1,MAP3K1
FOXM1,1,SKP2
PRKCD,1,ADCY5
FOXM1,1,MYC
FOXM1,1,MMP2
ABL1,1,HSPA1A
PRKCE,1,ADCY5
ABL1,1,JAK2
ABL1,1,JUN
ABL1,1,IRS1
ABL1,1,MAP3K1
ABL1,-1,MDM2
FOXO1,1,ANGPT2
FOXM1,1,FOS
FOXM1,1,ESR1
TP53,1,LATS2
ABL1,1,ERCC6
ABL1,1,ESR1
ABL1,1,RACK1
AURKA,-1,PPP1R1B
FOXM1,1,LAMA4
ABL1,-1,GRB2
ABL1,1,ARHGAP35
FOS,1,CGA
ABL1,1,EGFR
FOXM1,1,CKS1B
ABL1,1,DNM2
ABL1,-1,DDB2
ABL2,1,CTTN
AURKB,1,INCENP
ABL1,1,CTTN
CDK1,1,FOXM1
GNRHR,1,CTNNB1
CREB1,1,FST
ABL1,1,EPHB2
FOXM1,1,BMI1
PRKCD,1,ELAVL1
ABL1,1,CD19
ELAVL1,1,IL13
ABL1,1,CBL
FOXM1,1,BIRC5
ERBB4,1,ESR1
FOXM1,1,CCND1
ESR1,1,CXCL12
PGR,1,ESR1
ABL1,1,CAV1
ERBB4,1,BAK1
ESR1,1,CRH
HRAS,1,SHC1
RAF1,-1,STK4
HDAC6,-1,ELAVL1
GNRHR,1,APBA1
ELAVL1,1,DUSP1
ESR1,1,GREB1
ELAVL1,1,TRIB3
ABL1,-1,CRK
ABL1,1,CRKL
ELAVL1,1,ERBB2
ATM,1,RAD50
ABL1,1,CTNND1
ELAVL1,1,CXCL8
ELAVL1,1,VEGFA
ELAVL1,1,PTGS2
ELAVL1,-1,BRCA1
FOXL2,1,IFNL1
FOXL2,1,CCL3L1
SRC,1,HNRNPK
FOXL2,1,TNFAIP3
FOXL2,1,IER3
FOXL2,1,PPARGC1A
FOXL2,1,SIRT1
CCNA2_CDK2,1,FOXM1
FOXL2,1,PTGS2
SP1,1,MDC1
CHFR,-1,PLK1
FOXL2,1,CCL3
FOXL2,1,IL11
STK4,1,FOXO3
ATM,1,TOPBP1
KMT2A,1,FOXC2
KMT2A,1,FOXC1
KMT2A,1,MYC
SP1,1,TBX21
SP1,1,PKD1
FOXL2,-1,AMH
ELAVL1,1,MDM2
ELAVL1,1,EIF4E
FOXL2,1,FOS
PPP1CB,1,TRIM28
SP1,1,PROS1
PTEN,-1,SP1
ING1,1,HDAC1
MAPK14,-1,NFE2L2
EZH2,-1,BRCA1
EZH2,-1,ADRB2
AURKB,-1,BIRC5
NEK2,1,CTNNB1
EZH2,-1,CDKN2A
EZH2,-1,CDKN2B
EZH2,-1,CDH1
AURKB,1,RACGAP1
NEK2,1,NEK11
AURKB,1,GFAP
ABL1,1,TRIP10
SRC,1,PIK3CA
MMP2,1,EGFR
ABL1,1,TUB
SP1,1,CCL5
ABL1,1,STAT6
ABL1,1,STAT5A
ABL1,1,STAT3
ABL1,1,SOS1
SRC,1,SORBS1
ABL1,1,SORBS1
PPARA,1,ACOX1
ABL2,1,RIN1
CARM1,1,PPARG
ABL1,1,SHC1
TTI1,1,MTOR
ABL1,-1,RB1
SP1,1,VEGFA
ABL1,1,RIN1
SP1,1,BIRC5
SP1,1,EZR
SP1,1,KCTD10
PRKAA1_PRKAA2_PRKAB1_PRKAB2_PRKAG1_PRKAG2_PRKAG3,1,ULK1
ELAVL1,1,CSF1R
TP53,1,TNFRSF10B
MTOR,1,TRIM24
TP53,1,XPC
ABL1,1,PXN
TP53,1,GDF15
ABL1,1,RAPGEF1
SMAD2,1,SP1
SP1,1,COL1A1
SP1,1,ADAM17
ABL1,1,PTPN11
TP53,-1,BIRC3
ABL1,1,PTPN6
ABL1,1,PSTPIP1
AR,1,JUN
AR,1,KRT18
MAPK1,-1,CDK1
GSK3B,-1,CDK1
SRC,1,AR
PKMYT1,-1,CDK1
ESR1,1,CCND1
ESR1,1,MYC
ESR1,1,HSPA8
ESR1,1,NME1
ESR1,1,GATA3
EGFR,1,STAT5A
EGFR,1,CCND1
STAT5A,1,AURKA
ERBB4,1,STAT5A
HSPB2,-1,MAPK8
ERBB2,1,PTGS2
EGFR,1,E2F1
E2F1,-1,MYBL2
EGFR,1,PCNA
EGFR,1,PRKDC
ERBB2,-1,CDK1
ERBB4,-1,MDM2
TRIM25,1,IFIH1
TNFAIP3,-1,TBK1
TRIM25,1,RIGI
TNFAIP3,-1,IKBKE
AKT1,-1,TSC1
TGFBR2,1,SMAD2
TGFBR1,1,SMAD3
TGFBR1,1,SMAD2
AKT1,1,SMAD3
TGFBR2,1,SMAD3
STAT3,1,HSP90AA1
LATS1,1,YAP1
STK3,1,LATS2
HSP90AA1,1,AKT1
HSP90AA1,1,RAF1
RASSF1,1,STK3
STK3,1,LATS1
HSP90AA1,1,MYOD1
SRC,1,CAV1
ATM,1,RASSF1
HSP90AA1,1,SRC
ESR1,1,RARA
HSP90AA1,1,FANCC
DNAJB1,-1,HSF1
HSF1,1,HSPA1B
HDAC6,1,HSP90AA1
HSPB2,-1,CASP3
HSP90AA1,1,BCL2
CEBPB,1,HSP90AA1
MAPKAPK3,1,HSPB2
MAPKAPK2,1,HSPB2
HSPB2,1,AKT1
AKT1,-1,HSPB1
HSPB2,1,AKT3
AKT3,-1,HSPB1
HSPB1,-1,NFKBIA
HSPB6,-1,PPP1R1B
MAPKAPK3,1,HSPB1
STAT3,1,HSP90AB1
MAPK14,-1,MAPK1
FANCC,-1,EIF2AK2
MAPK14,-1,MAPK3
CEBPB,1,STAT3
MAP2K2,1,MAPK6
ARAF,1,MAP2K2
BRAF,1,MAP2K1
RAF1,1,MAP2K2
BRAF,1,MAP2K2
MAPK1,-1,BRAF
ARAF,1,MAPK1
ARAF,1,MAP2K1
MAPK1,1,RAF1
MAPK3,1,RAF1
FLI1,1,BCL2
MAP2K2,1,MAPK1
MAPK3,1,RPS6KA1
RPS6KA1,-1,BAD
MIR155HG,-1,FADD
MIR155HG,-1,RIPK1
STAT5A,1,BCL2L1
MIR155HG,-1,IKBKE
ARAF,1,MAPK3
MAPK3,-1,BRAF
UBE2N,1,TRAF2
UBE2N,1,TRAF6
TRAF2,1,BIRC3
COPS5,1,FOS
COPS5,1,NCOA1
ERCC6,1,MAPK8
PRKDC,1,MAPK8
TP53,1,HRAS
RIN1,1,KRAS
MAPK8,1,SP1
SP1,1,LAT
SP1,1,IL10
ATR,1,SP1
MIR155HG,-1,TP53INP1
CREB1,1,CD2AP
SP1,1,CD2AP
ATM,1,HERC2
HERC2,1,RNF168
HERC2,1,RNF8
HIC1,1,SIRT1
CHEK1,1,FANCL
PRKDC,1,HERC2
ATR,1,HERC2
SMARCA4,1,XPC
XPC,1,SMARCA4
DDB2,1,XPC
PAX5,-1,PDCD1
ABL1,1,CASP9
SPI1,1,ITGAM
FOXO3,1,RBL2
FOXO3,1,PIK3CA
SPI1,1,ITGB2
SPI1,1,CSF1
PKN2,1,CDC25B
FOXO3,-1,ID1
PLK1,1,ECT2
FOXO3,1,ESR1
ETS2,1,CDKN2A
ABL1,1,APBB1
ABL1,1,BCAR1
CCND3,1,CDK4
PAX5,1,CD19
ABL1,1,BCR
PAX5,-1,CSF1R
ABL1,-1,BTK
ABL1,1,CDK5
FOXO3,1,CDKN2D
SRC,1,ABL2
FOXO3,1,CDKN2B
FOXO3,1,DUSP6
HCK,1,ABL2
FOXO3,1,DUSP5
ABL1,1,ABL2
FOXO3,1,BCL6
FOXO3,1,CDKN1A
ABL1,1,ABI1
AKT1,1,TOPBP1
SRC,1,ABL1
HCK,1,ABL1
UBE2I,-1,SOX3
CCNA2_CDK2,-1,APC
FOXO3,1,TNFSF10
PLK1,-1,CHEK2
RASSF1,-1,CDC20
AURKA,-1,RASSF1
NOD1,1,MAPK8
UBE2I,1,RANGAP1
RANBP2,1,RANGAP1
UBE2I,1,UIMC1
ZBTB16,1,IL3RA
UBE2I,-1,PPARG
RUNX1,1,CSF1R
RUNX1,-1,MIR17HG
MIR17HG,-1,RUNX1
RUNX1,1,IL3
PAX5,1,BLK
CEBPA,1,ELANE
EP300,1,TP63
RUNX1,1,BLK
OTUB1,-1,TRAF6
CEBPA,1,CSF2RA
TP63,1,FAS
CEBPA,1,CD14
RUNX1,1,ELANE
OTUB1,-1,UBE2N
RUNX1,1,CSF2RA
OTUB1,-1,RNF168
GATA1,-1,SPI1
STAT3,1,SPI1
CEBPA,1,SPI1
CSF3,1,CSF3R
SPI1,1,CSF3
SPI1,1,CSF2
CSF2,1,CSF2RA
CEBPA,1,CSF1R
CEBPA,1,CSF3R
ATM,1,EIF4EBP1
EEF1E1,1,ATR
EEF1E1,1,ATM
PARP1,1,MRE11
PRKDC,1,VCP
PPM1D,1,TP53
HGF,1,MET
MET,1,SHC1
H3C13,1,TP53BP1
ATM,1,AKT1
H3-4,1,TP53BP1
PPM1D,-1,CHEK1
BRCA1,1,GADD45A
GADD45A,1,MAP2K4
AKT1,1,MDM2
BCL2,-1,XRCC6
TP53,1,BTG2
BTG2,-1,CCND1
AKT1,-1,GSK3B
AKT1,-1,RAF1
GSK3B,1,CYCS
YY1,-1,FAS
MAPK1,-1,CASP9
JUNB,-1,BCL2
EGFR,1,MAP2K1
PSIP1,1,HSPB1
JUNB,1,EGFR
TNF,1,PSIP1
JUNB,-1,BCL2L1
RARA,1,CASP9
TRIM28,-1,CDKN1A
KAT5,1,PRKDC
BAD,1,CYCS
BAK1,1,CYCS
BAK1,1,DIABLO
BAX,1,HTRA2
TRIM28,-1,GADD45A
TRIM28,-1,BAX
IKBKE,1,IRF3
CASP3,-1,PSIP1
KEAP1,-1,NFE2L2
CASP3,-1,PARP1
STAT3,1,BCL2L1
STAT3,1,BCL2
MAPK1,1,STAT3
STAT3,1,RELA
BAX,1,CYCS
BIRC5,-1,CASP3
BIRC5,-1,CASP7
PML,1,TOPBP1
RB1,-1,E2F3
RB1,-1,E2F2
BLM,1,TP53
PPARG,1,CDKN1A
TNF,1,TNFRSF1B
TNFRSF1B,1,TRAF2
CDK1,1,EIF4G2
EIF4G2,1,BCL2
BTRC,-1,WEE1
PRKDC,1,H2AX
MAPK14,1,CSNK2A1
CCR6,1,MMP9
HSF1,1,HDAC1
HSF1,1,HDAC2
ERCC5,1,PCNA
HNRNPK,-1,AR
HNRNPK,1,CDKN1A
HNRNPK,1,MYC
HNRNPK,1,EIF4E
STXBP4,-1,YAP1
EGR1,1,CDKN1A
EGR1,1,FASLG
EGR1,1,PPARG
EGR1,1,EGFR
TP53,1,FBXW7
KMT2A,1,HOXA10
TP53,1,DUSP5
DUSP5,-1,MAPK3
PAX6,1,MAF
PAX6,1,SIX3
ATR,1,BRCA1
MEIS2,1,PAX6
ATR,1,CHEK1
TP53,1,DUSP1
MAP3K4,1,MAP2K6
XRCC6,-1,BAX
MCPH1,1,E2F1
MAP3K4,1,MAP2K4
PARP1,1,H1-2
CSNK1A1,1,TP53
PML,1,CSNK1A1
DAPK1,1,PKM
CDC25A,1,CDK2
MYC,1,CDC25A
XIAP,-1,CASP3
BAX,1,APAF1
BIRC3,-1,CASP3
XIAP,-1,CASP9
TP53,1,TRAF4
BRCA1,1,NFE2L2
UBE2N,1,PCNA
GRB2,1,RHOU
EGR1,1,TGFB1
EGR1,1,PDGFB
EGR1,1,PDGFA
EGR1,1,IGF2
AURKA,-1,TP53
TP53BP1,1,TP53
MYC,1,CCND2
E2F1,1,CHEK1
MYC,1,CDK4
SP1,1,IER3
TP53,-1,IER3
PRKDC,-1,H1-2
EGR1,1,TP53
EGR1,1,PTEN
H2AX,1,MCPH1
MCPH1,1,BRCA1
ATR,1,RAD1
TP53,1,PIDD1
TP53,1,FAS
H4C6,1,TP53BP1
FAS,1,FADD
FASLG,1,FAS
TNFSF10,1,TNFRSF10B
TNFSF10,1,TNFRSF10A
TP53,1,DDB2
TNFRSF10B,1,FADD
TNFRSF1A,1,RIPK1
TNFRSF1A,1,TRADD
SPI1,-1,TAL1
SPI1,1,VAV1
SPI1,1,PRTN3
TRADD,1,FADD
TRADD,1,TRAF2
TNF,1,TNFRSF1A
BIRC2,-1,CASP9
TNFAIP3,-1,TRADD
TWIST1,-1,CDKN2A
BLVRA,1,JUN
BTRC,-1,GLI2
TAF1,1,CDKN1B
BLVRA,1,PRKCB
INSR,1,IRS1
BLVRA,1,ATF2
HDAC1,1,GLI2
ITCH,-1,GLI1
PPARGC1A,1,GABPA
RPS6KA2,-1,BAD
MTOR,1,RPS6KA2
RPS6KB1,-1,MDM2
PIM1,-1,BAD
GLI2,1,GLI1
PTCH1,-1,SMO
GLI1,1,CDK2
CHEK2,1,BRCA1
RBBP8,1,MRE11
MRE11_NBN_RAD50,1,RBBP8
CDK5,1,HTT
TOPBP1,-1,E2F1
MAP2K3,1,MAPK14
UBE2N,1,H2AX
DDIT3,-1,BCL2
GNRHR,-1,TIMP1
MAP3K5,1,MAP2K3
TDG,-1,DNMT3A
DNMT3A,1,TDG
PPP2CA,-1,ATM
UBE2I,-1,TDG
STK36,1,GLI1
STK36,1,GLI2
SUFU,1,GLI1
HSPB6,1,AKT1
HSPA1A,-1,APAF1
MAP2K1,1,MAPK6
GLI1,1,PTCH1
DUSP6,-1,MAPK6
GADD45A,-1,MAPK14
MAPK14,-1,PRKACA
BARD1,1,BRCA1
CASP9,1,CASP3
TCL1A,1,AKT1
GNRHR,-1,TIMP3
CASP2,1,CASP8
GNRHR,1,MMP14
GNRHR,-1,MMP9
EIF2AK3,-1,APAF1
SRC,1,CDC42
SRC,1,HRAS
CDC42,1,MAP3K1
MAP3K1,1,MAP2K4
MAP3K1,1,MAP2K7
FUS,-1,BCL2L1
MAPK8,-1,BCL2L1
FUS,-1,BCL2
TRAF3,-1,MAP3K14
NLRP1,1,CYCS
XIAP,-1,CASP7
KAT5,1,ATM
ERN1,1,MAPK8
MAPK8,-1,CFLAR
ATF4,1,FUS
RPS6KB1,-1,BAD
TYK2,1,STAT1
EP300,1,STAT3
EP300,1,STAT5A
PIAS1,1,STAT1
CASP8,-1,RIPK1
JAK1,1,STAT1
MAPK8,1,STAT1
MAPK9,1,STAT1
CDK1,1,BAD
CASP8,1,PAK2
PIAS1,1,GLI2
CDKN1A,-1,CCND3
RCHY1,-1,CDKN1B
CDKN1B,-1,CCND3
GSK3B,1,CEBPA
RAC1,1,STAT3
N4BP1,-1,ITCH
ITCH,-1,TP63
USP7,1,TP53
FBXW7,-1,NOTCH4
FBXW7,-1,AURKA
MAP2K7,1,MAPK8
PIAS4,1,BRCA1
CDK1,-1,ESPL1
CKS1B,1,CDK1
MAPK14,1,PPP1R15A
MAPK14,1,DDIT3
CCND2,1,CDK6
CCND3,1,CDK6
CCND1,1,CDK4
TP53BP2,1,TP53
CCND2,1,CDK4
AKT1,-1,CASP9
CCND1,1,CDK6
PIAS1,1,GLI1
HUWE1,-1,TP53
RCHY1,-1,TP53
WRAP53,1,TP53
RCHY1,-1,HDAC1
AKT1,-1,BAD
PDK1,1,AKT1
CASP12,1,CASP9
MAPK8,-1,BAD
DAAM1,1,PFN1
RAC1,1,SET
AKT1,-1,PTEN
RARA,1,RARG
DAB2,-1,AXIN1
AKT1,1,CREB1
DAB2,-1,PPP1R2
MAPK8,1,BID
SH3GLB1,1,BAX
SH3GLB1,1,BAK1
WNT5A,1,ROR2
CDKN2A,-1,MDM2
FBXW7,-1,NCOA3
ARHGEF2,1,RHOA
DAAM1,1,RHOA
DVL2,1,ARRB2
ROCK1,-1,PPP1CA
MARK2,1,DVL3
BRCA1,-1,ABL1
ETS1,1,NMI
PRKCA,1,RAF1
PAK1,1,CTNNB1
CFLAR,-1,CASP8
CDC42,1,PAK1
RAC1,1,PAK1
ATR,1,H2AX
RARB,1,RXRG
BAX,1,DIABLO
PDK1,1,PAK1
CASP12,1,CASP7
RARB,1,RARG
CDK5,-1,PAK1
BAX,1,CASP12
ERBB2,1,PAK1
AKT1,1,IKBKB
CDK2,-1,PAK1
MDM2,-1,TP63
CHEK2,1,E2F1
FBXW7,-1,PPARGC1A
FBXW7,-1,JUN
FBXW7,-1,TP63
WWOX,-1,DVL2
RXRG,1,RARA
RARA,1,BTG2
RARA,1,IER3
ARHGEF7,1,RAC1
ARHGEF7,1,CDC42
MMP14,-1,PTK7
APAF1,1,CASP9
FADD,1,CASP8
RIPK1,1,CHUK_IKBKB_IKBKG
SOX10,1,RET
RAC2,1,PAK3
SOX10,1,PDGFRA
ARHGEF6,1,PAK1
PAK1,1,ARHGEF7
PAK1IP1,-1,PAK1
SOX10,1,EDNRB
RAC2,1,PAK1
RHOU,1,PAK1
GRB2,1,PAK1
NCK1,1,PAK1
SPI1,1,ELANE
CSNK1E,-1,CDC25A
SPI1,1,CSF1R
DAPK1,1,MARK1
SOX10,1,SOX6
DAPK1,1,MARK2
DAPK1,-1,PIN1
NOTCH1,1,RBPJ
CRKL,1,MAP4K1
JUN,1,SMAD4
SMAD3,1,JUN
ARHGAP32,1,CDC42
PTPN6,-1,TRAF3
NCOA2,1,AR
PRKCQ,1,CHUK
PTPRC,-1,LYN
EGFR,1,STAT1
LCK,1,CBL
JAG1,1,NOTCH2
JAG1,1,NOTCH3
F2R,1,GNA13
FZD8,1,LRP5
FZD8,1,LRP6
CBL,-1,PLCG1
ATG3,1,GABARAP
CBL,-1,PIK3R2
CBL,-1,PIK3R1
ATG3,1,GABARAPL2
IL6ST,1,SHC1
CBL,-1,KIT
ABRAXAS1,1,BRCA1
PPP2CA,-1,MAP3K7
YAP1,1,SMAD7
SHC1,1,INPP5D
WNT4,1,FZD6
PTK2B,-1,PXN
MAPK8,1,H2AX
JAG2,1,NOTCH2
JAG2,1,NOTCH3
DAXX,1,TGFBR2
AXIN1,1,MAP3K1
AXIN1,1,MAP3K4
FRS2,1,PTPN11
WNT1,1,LRP6
WNT1,1,RYK
IL6,1,IL6R
VAV1,1,PRKCQ
KMT2A,1,KAT8
SUFU,1,STK36
BTRC,-1,NFKBIA
BTRC,-1,NFKB1
BTRC,-1,NFKBIB
CD247,1,ZAP70
GABARAPL1,1,SQSTM1
NFKB1,1,RELA
LYN,1,PLCG2
DUSP16,-1,MAPK14
MAX,1,MGA
TRIM27,1,STK38L
SYK,1,VAV2
VAV1,1,SYK
ITCH,1,NOTCH1
CRKL,1,RAPGEF1
ULK1,-1,ATG4B
SMO,1,ARRB2
SMAD3,1,NOTCH1
CARD11,1,MALT1
PLCG1,1,VAV3
CBLC,-1,EGFR
ROR2,1,FLNA
SRF,1,PTGS2
FYN,1,ZAP70
CRKL,1,NEDD9
NEDD9,1,CRKL
LYN,1,PTK2
CD3E,1,NCK1
CRKL,1,BCAR1
BCAR1,1,CRKL
CRK,1,BCAR1
CTNNB1,1,LEF1
ABI1,1,CBL
LCP2,1,PLCG1
ATF2,1,JUN
ERBB2,1,PIK3R1
NUMB,1,ITCH
IKBKG,1,CHUK
FRS2,1,GRB2
CTNND1,1,CDH1
CDH1,1,CTNNA1
CTNND2,1,CDH2
CDH2,1,CTNNB1
FOS,1,JUN
PTPN22,-1,CBL
SMAD3,1,AR
TGFBR1,1,PIK3R1
TGFBR2,1,PIK3R1
CTNNB1,1,TCF7
DAB2,1,SMAD2
DKK1,1,KREMEN1
TANK,1,TBK1
DAB2,-1,DVL3
NOTCH1,1,LEF1
SMAD7,1,SMURF2
GIT1,1,PLCG1
NOTCH3,1,RBPJ
NR2C2,1,AR
LAT,1,PLCG1
MAML2,1,NOTCH4
MAML2,1,NOTCH3
MAML2,1,NOTCH2
MAML2,1,NOTCH1
SH2B2,1,CBL
TLE1,1,SIX3
SMAD3,1,SMAD4
SMAD3,-1,RUNX2
MAP1LC3B,1,SQSTM1
WNT2,1,FZD1
WNT5A,1,FZD1
IKBKG,1,NFKBIA
IKBKG,1,NFKBIB
DTX1,1,NOTCH1
TCL1A,1,AKT2
CBLB,-1,KIT
LAT,1,VAV1
PTK2B,1,GRB2
FZD4,1,DVL2
MAPK14,1,RPS6KA5
PTPN12,-1,PSTPIP1
GRB2,1,GAB2
TRADD,1,TRAF1
DKK1,1,KREMEN2
RYK,1,FZD8
IL1R1,1,IRAK1
NCOR2,1,AR
KIT,1,STAT1
TANK,-1,TRAF2
SRC,1,PTK2B
PSEN1,1,NOTCH1
CRK,1,CBL
DVL3,1,FRAT1
SKIL,1,SMAD2
SKIL,1,SMAD3
SKIL,1,SMAD4
NCOA2,1,PPARG
IL4R,1,IRS2
PRKCQ,1,IKBKB
SOCS3,-1,IL6ST
HDAC9,-1,MEF2C
SMAD6,1,TGFBR1
TRAF6,1,MALT1
ARHGAP31,-1,RAC1
SMAD1,1,DVL1
SMAD3,1,ESR1
DVL1,1,SMAD3
EP300,1,SMAD7
PSEN1,1,NOTCH3
PTPN11,1,STAT3
TRAF6,-1,ECSIT
IL2,1,IL2RG
IL2,1,IL2RB
CBLB,-1,SHC1
STUB1,-1,AR
MET,1,GAB1
KIT,1,STAP1
TNFRSF1A,1,TRAF2
VPS39,-1,SMAD4
NOTCH1,1,SNW1
IL2RB,1,SHC1
BRIP1,1,BRCA1
PPM1D,-1,TP53BP1
MAP3K1,1,MAP2K1
IRAK1,1,PELI1
SRC,1,GAB2
CHUK,1,IKBKB
AR,1,CTNNB1
KAT2B,1,NOTCH1
ICOS,1,PIK3R1
MAP3K7,1,CHUK
CRK,1,RAPGEF1
BTRC,-1,SMAD3
BTRC,-1,SMAD4
PSEN1,1,NOTCH2
FYN,1,CBL
VAV1,1,MAPK1
ERBIN,1,SMAD3
ERBIN,1,SMAD2
CD19,1,VAV1
KIT,1,GRB7
UIMC1,1,BRCA1
EGFR,1,PIK3R1
TGFBR2,1,ZFYVE9
EGFR,1,PLCG1
GABARAPL2,1,SQSTM1
TAX1BP1,1,TNFAIP3
YY1,-1,NOTCH1
RAC1,1,PAK2
MAPK1,-1,EGFR
PRKCA,-1,EGFR
SHC1,1,GRB2
RYK,1,DVL1
SHC1,1,SOS1
KAT2B,1,AR
IL4R,1,IRS1
RELA,-1,NCOR2
RELA,-1,NFKBIA
CD4,1,LCK
EGFR,1,PTPN1
PTPN6,-1,EGFR
MAPK1,-1,NR2C1
SOCS1,1,JAK1
GRB2,1,SOS2
EGFR,1,NCK2
IL4R,1,JAK2
EGFR,1,RASA1
HDAC2,-1,YY1
PTK2,1,RAC1
SMAD2,1,SMAD4
IL2RG,1,JAK1
IL2RG,1,JAK3
GRB2,1,GAB1
FYN,1,BCAR1
CNTN1,1,NOTCH1
DAB2,1,TGFBR2
CDC73,1,CTNNB1
DAB2,1,TGFBR1
PARD6A,1,SMURF1
NFKBIE,-1,NFKB1
NFKBIB,-1,NFKB1
PTPN11,-1,IRS1
MAP1LC3B,-1,NBR1
DVL1,1,LRRK2
CSNK1E,1,AXIN1
IL4R,1,IL2RG
MAP1LC3A,1,SQSTM1
TGFBR2,1,VPS39
AXIN1,1,CTNNB1
EGFR,1,ERBB2
EGFR,1,ERBB3
ID1,-1,MYOD1
MAX,1,MYC
MAPK6,1,MAPKAPK5
PLK1,-1,TP53BP1
SKI,1,SMAD3
SKI,1,SMAD2
SKI,1,SMAD4
WNK2,1,WNK1
CRK,1,NEDD9
NEDD9,1,CRK
LAT,1,GRB2
MAPK3,1,RPS6KA2
PRKCZ,1,AKT3
TAB3,1,MAP3K7
STUB1,-1,HSPA8
RBPJ,1,NCOR2
CSNK1E,-1,DVL3
TRAF2,1,TRAF1
TRAF1,1,TRAF2
MYC,1,SMAD3
MYC,1,SMAD2
NBR1,1,GABARAP
NOTCH2,1,RBPJ
ZFYVE9,1,TGFBR1
EGFR,1,GRK2
SRC,1,ADAM17
AIMP1,1,SMURF2
JAK3,1,PTK2B
TGFBR1,1,VPS39
BTRC,1,CTNNB1
CDK1,-1,RB1
CBLB,-1,GRB2
PTK2,1,PXN
IRS1,1,PIK3R1
HRAS,1,RAF1
DVL1,-1,AXIN1
DVL2,1,AXIN1
CARM1,1,EP300
NCOR2,1,SNW1
IL3,1,IL3RA
NR3C1,1,AR
AR,1,NR3C1
MAPK3,1,PTPRR
SRC,1,RAF1
CRK,1,MAP4K1
ERBB2,1,SHC1
KIT,1,PTPN11
MAPK1,1,PTPRR
SNW1,1,RBPJ
SPEN,-1,RBPJ
PSEN1,1,NOTCH4
SRC,1,STAT1
ICOSLG,1,ICOS
PTPN11,1,GRB2
NOTCH4,1,RBPJ
MAML3,1,NOTCH4
HTR1E,1,GNAI3
MAML3,1,NOTCH3
MAML3,1,NOTCH2
SYK,1,PLCG2
MAML3,1,NOTCH1
CDK9,1,AR
SHC1,1,GRAP
CDK7,-1,AR
GRB2,1,INPP5D
IRAK4,1,PELI1
PLCG1,1,SOS1
IRS1,1,GRB2
KIT,1,PIK3R1
FYN,1,KIT
PTPN11,-1,PIK3R1
NUP153,1,SMAD2
NUP153,1,SMAD3
KAT2B,1,SMAD3
MAP1LC3C,1,ATG3
MAPK1,1,RPS6KA2
SRC,1,PLCG1
PSEN1,-1,CTNNB1
FHL2,1,AR
MAML1,1,NOTCH4
MAML1,1,NOTCH2
MAML1,1,NOTCH3
MAML1,1,NOTCH1
GRAP,1,SOS1
SMAD7,1,TGFBR1
UBE2D1,1,PEX5
MAP1LC3A,1,ATG3
ARHGAP33,-1,RAC1
PTPN11,-1,GAB1
NBR1,1,GABARAPL1
IRAK1,1,TRAF6
WNT1,1,LRP5
TGFBR1,1,PARD6A
SOCS1,1,JAK2
TGFB1,1,TGFBR2
TGFB1,1,TGFBR1
MAPK3,1,GAB1
MAPK1,1,GAB1
EGFR,1,NCK1
CBL,-1,ZAP70
VAV1,1,GRB2
DTX1,1,EP300
RIPK1,1,IKBKG
VAV1,1,RAC1
SMAD4,1,LEF1
SMAD3,1,LEF1
SMAD2,1,LEF1
LRP5,1,AXIN1
LRP6,1,AXIN1
GRB2,1,MAP4K1
KIT,1,JAK2
GAB1,1,PLCG1
SH3KBP1,1,CBL
MAP4K1,1,MAP3K7
HCK,1,CBL
LCK,1,KIT
IL6ST,1,JAK2
ARRB1,1,DVL2
IL1B,1,IL1R1
TRAF2,1,MAP3K1
IRS2,1,PIK3CA
MATK,1,KIT
CBLB,-1,PIK3R1
NEDD4L,-1,SMAD3
NEDD4L,1,SMAD7
LIF,1,LIFR
IL13,1,IL13RA1
IL12RB1,1,JAK2
VAV1,1,PLCG1
VAV1,1,GRAP
MAP3K7,1,MAP2K6
PRKCQ,1,MAP3K7
TGFBR2,1,TRAF6
VAV1,1,RHOA
MAPK7,1,MEF2C
VAV1,1,CDC42
MAP3K5,1,MAP2K4
MAP3K5,1,MAP2K7
MAP3K5,1,MAP2K6
PEBP1,1,MAP3K7
DUSP16,1,MAPK8IP1
VAV1,1,CBL
MAPK11,1,MAPKAPK5
ACVR2B,1,ACVR1B
NOTCH1,1,CHUK
TYK2,1,STAT2
IFNAR2,1,JAK1
IL10RA,1,JAK1
NRAS,1,RAF1
PTPN6,-1,ZAP70
LYN,1,PIK3R1
RARB,1,RXRA
PRL,1,PRLR
IFNAR1,1,JAK1
JAK1,1,STAT2
TYK2,1,IFNAR1
IFNGR1,1,JAK1
TYK2,1,STAT3
STAT1,1,IRF9
STAT2,1,IRF9
PTPN1,1,TYK2
MAPK3,1,SOS1
PTPN11,1,JAK2
IL12A,1,IL12RB1
DUSP4,1,MAPK1
DUSP4,1,MAPK3
RPS6KA1,1,FOS
BMPR1B,1,SMAD5
IRS1,1,JAK2
IFNB1,1,IFNAR1
IFNB1,1,IFNAR2
MAP3K7,1,MAP2K3
JAK1,1,PTPN11
MAP4K1,1,MAP3K11
DUSP4,1,MAPK8
SMAD6,1,SMAD1
MAPK3,1,SMAD1
JAK3,1,STAT1
IGF1R,1,IRS4
MAP3K10,1,MAP2K7
MAPK11,1,RPS6KA5
MAPK1,1,RPS6KA5
SMAD4,1,CREB1
ACVR1,1,SMAD1
ACVRL1,1,SMAD1
BMPR1B,1,SMAD1
MAPK3,1,RPS6KA4
MAP3K7,1,MAP2K7
SMAD7,1,SMAD3
SMAD6,1,SMAD3
SMAD7,1,SMAD2
SMAD6,1,SMAD2
DUSP6,-1,MAPK1
DUSP1,1,MAPK1
DUSP6,1,MAPK3
MAPK14,1,MAPKAPK3
MAPK1,1,SMAD3
MAPK3,1,SMAD3
MAPK1,1,SMAD2
MAPK3,1,SMAD2
AREG,1,EGFR
HBEGF,1,EGFR
ADAM10,1,NOTCH2
PEBP1,1,BRAF
ACVR1,1,SMAD5
BAMBI,1,BMPR1A
BAMBI,1,TGFBR1
IFNB1,1,TYK2
SOCS3,1,JAK2
SMAD6,1,BMPR1A
SMAD7,1,BMPR1A
SMAD6,1,ACVR1
SMAD7,1,ACVR1
IRS4,1,GRAP
NEDD4,1,IGF1R
MAPK8IP3,1,MAP3K11
MAPK8IP3,1,MAP2K7
PTPN1,1,IRS1
GSK3B,1,APC2
SHOC2,1,KRAS
CRLF2,1,JAK2
IFNB1,1,JAK1
SMAD4,1,FOS
IL7R,1,CRLF2
APC2,1,AXIN1
WNT5A,1,FZD4
IL6R,1,IL6ST
MAP2K7,1,MAPK10
MAP2K7,1,MAPK9
MAP2K6,1,MAPK12
MAP2K4,1,MAPK10
MAP2K6,1,MAPK14
MAP2K4,1,MAPK9
MAP2K3,1,MAPK11
ZFYVE9,1,SMAD2
SOCS3,1,STAT5A
ACVR1B,1,SMAD2
AXIN1,1,SMAD3
IRAK1,1,TAB1
IRAK1,1,TAB2
IGF1R,1,IRS1
CSNK1D,1,AXIN1
SOCS3,1,PRLR
MAP3K20,1,MAP2K7
PTPN2,-1,JAK1
IRS1,1,IRS4
IRS1,1,PIK3CG
AKT1,1,RPS6KB1
PTEN,1,PDPK1
PAK1,1,RAF1
GRB10,1,NEDD4
PTPRC,1,JAK3
SMAD7,1,ACVRL1
MAPK8IP2,1,MAPK14
NCSTN,1,PSEN1
IFNGR1,1,JAK2
IFNAR2,1,TYK2
MAP3K1,1,MAPK3
DUSP3,1,MAPK1
DUSP3,1,MAPK14
DUSP3,1,MAPK8
ERBB2,1,ERBB3
ADAM10,1,NOTCH3
HIPK2,1,SKI
IL22RA1,1,TYK2
IL22RA1,1,JAK1
PML,1,SMAD3
SMAD1,1,SMAD4
PTPN6,1,SOCS1
TGFBR1,1,ACVRL1
JAK2,1,STAT1
PML,1,SMAD2
PIK3CG,1,RAC1
SMAD3,1,MEF2C
CREB1,1,FOXO4
NCSTN,1,APH1A
LRIG1,1,ERBB2
LRIG1,1,CBL
EGFR,1,LRIG1
PML,1,ZFYVE9
MAPK3,-1,ARRB1
ROR2,1,BMPR1B
CTNNB1,1,SMAD7
JAK2,1,STAT5A
GSK3B,1,SMO
PTPN1,1,JAK2
PTPN1,1,STAT3
PTPN6,1,JAK2
LRIG1,1,ERBB3
LRIG1,1,ERBB4
LIFR,1,IL6ST
NCOR2,1,CTBP1
ACVR2B,1,ACVRL1
MAPK14,-1,TAB1
ACVR2B,1,BMPR1A
AMH,1,AMHR2
ACVR2B,1,ACVR1
BMPR2,1,ACVR1
ACVR2B,1,BMPR1B
BMPR2,1,BMPR1B
INHBA,1,ACVR2B
DAB1,1,NOTCH1
BMP4,1,BMPR2
MAPK7,1,RPS6KA1
MAPK1,1,MAP2K3
PPM1A,1,SMAD3
CREB1,1,SMAD3
PPM1A,1,SMAD1
IRS4,1,PIK3CG
SIRT1,1,SMAD7
NEDD4,1,PTEN
MAPK3,1,STAT5A
KRAS,1,BRAF
HRAS,1,BRAF
GSK3B,1,SMAD3
MAPK3,1,MYC
NOTCH1,1,MEF2C
SOCS1,1,IFNGR1
PTPN11,1,STAT1
PPP2CA,1,SMAD2
WWOX,1,SMAD4
TGFBR1,1,CDC42
SIK1,1,SMAD7
GSK3A,1,TSC2
AKT1,1,CTNNB1
MAPK9,1,CTNNB1
PDGFRB,1,PDGFRA
CBL,1,PDGFRA
CAV1,1,PDGFRA
PDGFRB,1,SHC1
PDGFA,1,PDGFRA
PDGFB,1,PDGFRA
FGF1,1,FGFR1
FGF1,1,FGFR2
FGF2,1,FGFR2
FGF8,1,FGFR2
FGF10,1,FGFR2
FLT1,1,PLCG1
NTRK1,1,FRS2
NTRK1,1,PLCG1
NR0B1,1,ESR1
F2RL2,1,GNAS
AMHR2,1,ACVR1
ANGPT2,1,TEK
EPHA3,1,CRK
EPHA4,1,NGEF
GDNF,1,RET
CDK5R1,1,LMTK2
TYRO3,1,PIK3R1
RARA,1,RXRA
ABL1,1,MTOR
IGF1R,1,RASA1
FGFR1,-1,FRS2
NCK2,1,PTK2
ERBB3,1,PIK3R1
PTPRF,1,IRS1
EGFR,1,ESR1
RXRB,1,RARA
RXRA,1,RARG
RARG,1,RXRB
RXRB,1,RARG
RXRA,1,PPARA
RXRA,1,PPARG
NR2F2,1,RXRA
RXRA,1,NR1H3
RXRB,1,PPARG
SMURF1,-1,AXIN1
AR,1,ESR1
NR0B1,1,NR5A1
NR0B1,1,AR
RARA,1,ESR2
ESR2,1,RARA
NR1H2,1,PPARA
PPARA,1,NR1H2
PPARG,1,NR1H2
NR1H2,1,PPARG
NR1H3,1,PPARA
PPARG,1,NR1H3
ESR1,1,PPARG
NR1H2,1,RXRA
PPARG,1,RXRG
ESR1,1,RXRA
RXRA,1,ESR1
ESR2,1,ESR1
AR,1,RXRA
RXRA,1,AR
PRMT1,-1,SMAD6
AR,1,NR5A1
NR4A1,1,NR2F2
NR4A2,1,NR4A3
NR4A3,1,NR4A2
RARA,1,CTNNB1
VDR,1,CTNNB1
NCOA2,1,RXRA
LEPR,1,STAT3
PRMT1,1,BMPR2
PTK6,1,STAT3
JAK2,1,STAT6
COPS5,1,TYK2
PTPN1,1,PPP2R2A
SIRT1,-1,STAT5A
PDGFRB,1,FER
PKN1,1,FZD7
AKT1,1,USP4
USP4,1,TGFBR1
SMURF2,1,TGFBR1
TGFB1I1,-1,SMAD1
TGFB1I1,-1,SMAD5
TGFB1I1,-1,SMAD7
PRKACA,1,SUFU
USP7,1,PPARG
PRDX1,1,DUSP1
PBK,1,DUSP1
MUC1,1,MAPK8
MAPK8,1,RPS6KB1
MAPK14,-1,CREB1
CSK,1,FLT3
CSK,1,KIT
MAP3K1,1,ZFP36
TRAF2,1,ZFP36
PEA15,1,MAPK3
SMURF2,1,SMAD2
MAPK14,1,MAX
CSF3R,1,JAK1
MAP4K2,1,MAP3K1
FYN,1,SHC1
GRAP,1,PIK3CG
AREG,1,ERBB2
GSK3B,-1,JUN
MAPK3,1,TAL1
IL13RA1,1,JAK2
IL13RA1,1,TYK2
DUSP2,1,MAPK1
DUSP2,1,MAPK14
MAP3K12,1,MAP2K4
EGFR,1,GRAP
KRAS,1,MAP3K1
MAP3K11,1,MAP2K4
EGFR,1,SHC3
PTPN11,1,JAK3
MAP4K4,1,MAP3K1
IL13RA1,1,IL4R
MAP4K1,1,MAP3K1
MAP3K11,1,MAP2K3
MAP3K11,1,MAP2K6
FLNA,1,MAP2K4
CSF3R,1,TYK2
DUSP1,1,MAPK8
CSF2RA,1,JAK2
MAPK3,1,MKNK2
MAPK3,1,MKNK1
ACVR1B,1,SMAD3
STK4,1,MAP2K4
MAP3K10,1,MAP2K4
MAP4K5,1,MAP3K1
LAMTOR3,1,MAPK3
LEF1,1,TLE1
ACVR1C,1,SMAD2
TAOK1,1,MAP2K3
MAPK14,1,RPS6KA4
CDC42,1,PAK2
CDC42,1,MAP3K11
MAPK8IP1,1,MAP3K10
MAPK8IP1,1,MAP3K12
MAPK8IP1,1,MAP2K7
MAPK8IP1,1,MAP4K1
TYK2,1,STAT5A
MAP4K4,1,MAP3K7
ACVR1C,1,SMAD3
PRKACA,1,RAF1
PRKCA,1,KRAS
DUSP1,1,MAPK3
SMAD7,1,BMPR1B
MAPK1,1,SOS1
KRAS,1,MAP4K5
MAP3K1,1,SMAD2
SIRT1,1,FOXO4
HBEGF,1,ERBB4
DUSP5,-1,MAPK1
SMURF1,1,SMAD3
SMURF1,1,SMAD2
IGF1R,1,IRS2
SMAD4,1,ATF1
PEBP1,1,MAP2K1
CSF1,1,CSF2RA
GHR,1,TYK2
GHR,1,JAK1
BAMBI,1,BMPR1B
BAMBI,1,ACVRL1
PEBP1,1,MAP4K4
MAPK8IP3,1,MAP2K4
MAPK8IP3,1,MAP3K1
DVL3,1,CSNK1G1
SMAD6,1,BMPR1B
CSF3,1,CSF2RA
PTEN,1,AKT3
GRAP,1,PTPN1
MAP3K8,1,MAP2K5
PAK2,1,RAF1
PTEN,1,RAC1
MAPK8IP2,1,MAPK8
CREB1,1,CTNNB1
IRS1,1,SHC1
SOS1,1,HRAS
IL6ST,1,TYK2
SMURF2,1,SMAD1
MAP3K20,1,MAP2K5
KAT2A,1,SMAD3
KAT2A,1,SMAD2
XPO1,1,SMAD4
HGS,1,ZFYVE9
HGS,1,SMAD2
LTC4S,1,NOTCH2
LTC4S,1,NOTCH3
LTC4S,1,NOTCH4
MAP2K3,1,MAPK13
MAP2K6,1,MAPK13
MAP2K3,1,MAPK12
FGR,1,SHC1
LIFR,1,JAK2
LIFR,1,TYK2
LIFR,1,JAK1
HCK,1,SHC1
MAP4K3,1,MAP3K1
CDC42,1,PAK1IP1
SMURF2,1,SKIL
LTC4S,1,NOTCH1
CRK,1,MAPK8
MARK1,1,DVL3
PTPN6,1,STAT6
MKNK1,1,EIF4E
MKNK2,1,EIF4E
PDPK1,1,SGK1
SOS1,1,NRAS
RPS6KA1,1,GSK3B
RAC1,1,MAP3K11
SMAD6,1,TAB1
SMAD7,1,TAB1
SH2B1,1,JAK2
PTPN2,1,STAT5A
MAPK3,1,ETS1
PTPN11,1,IGF1R
SMAD3,1,GATA3
CSF3R,1,JAK2
CSNK1D,1,APC2
CSNK1D,1,GSK3B
CSNK1D,1,DVL1
MAP3K20,1,MAP2K4
MAP3K20,1,MAP2K3
MAP3K20,1,MAP2K6
AXIN1,1,CSNK1A1L
PTPRC,1,JAK1
PTPN1,1,IGF1R
IRS1,1,GRAP
RPS6KA4,1,ATF1
IRS2,1,PIK3CG
CSNK1A1L,1,CTNNB1
CSNK1D,1,CTNNB1
RACK1,-1,IGF1R
MAP3K1,1,MAPK1
KREMEN1,1,LRP6
KREMEN2,1,LRP6
ELP1,1,MAPK8
EIF4E,1,SMAD3
EIF4E,1,SMAD4
MAPK8IP2,1,MAPK13
SPAG9,1,MAP2K4
SPAG9,1,MAX
SPAG9,1,MAP3K3
KAT2A,1,SMAD7
IL6ST,1,JAK1
SH3RF1,1,MAP3K10
SH3RF1,1,MAP2K4
SH3RF1,1,MAP3K12
SH3RF1,1,MAP2K7
DVL3,1,RAC1
SMAD3,1,MAX
CBY1,1,CTNNB1
HIPK2,1,SMAD1
NCOR2,1,BHLHE41
NR3C1,1,SMAD3
PIAS4,1,SMAD3
PIAS4,1,SMAD4
NUP153,1,SMAD4
STK11,1,GSK3B
IL10RB,1,TYK2
IL10RB,1,JAK1
PEA15,1,MAPK1
SMAD5,1,SMAD4
SMO,1,PRKACA
AXIN1,1,RNF111
WNT4,1,FZD3
HIPK2,1,DAXX
SMAD7,1,PPP1R15A
PPP1CC,1,TGFBR1
PPP1R15A,1,PPP1CC
CTNNB1,1,HNF1A
IFNLR1,1,TYK2
IFNLR1,1,JAK1
PDPK1,1,AKT2
WWP1,1,SMAD7
ITCH,1,SMAD2
TGIF1,1,WWP1
WWP1,1,SMAD2
MAPK1,-1,ARRB1
RYK,1,DVL2
RYK,1,DVL3
MTSS1,1,GLI1
MTSS1,1,SUFU
LAMTOR3,1,MAP2K1
ARRB1,1,SMO
SMO,1,ARRB1
PTPN1,1,INSR
PTPN2,-1,INSR
PPP2R2A,1,RAF1
PPP2R2A,1,KSR1
MAP3K12,1,MAP2K7
MAPK8IP2,1,MAPK10
MAPK8IP3,1,MAPK10
SPAG9,1,MAPK14
MAPK8IP2,1,MAPK9
MAPK8IP3,1,MAPK9
MAPK8IP3,1,MAPK8
PTPN2,1,JAK3
CNKSR1,1,RAF1
SPOP,1,CUL3
GSK3B,1,MARK2
MTSS1,1,RAC1
SOS1,1,KRAS
RANBP3,1,CTNNB1
SNX9,1,EGFR
AMHR2,1,BMPR1B
CSNK1G1,1,LRP6
CSNK1G1,1,LRP5
TGFBR2,1,MAP3K7
CDC42,1,PTEN
RACK1,1,STAT3
ACVR2B,1,ACVR1C
ACTR2,1,ACVR1B
GDF11,1,ACTR2
GDF11,1,ACVR2B
PRKACA,1,GLI1
GSK3B,1,GLI1
CSNK1A1L,1,GLI1
CSF1,1,CSF3R
CSF2,1,CSF3R
AKT1,1,PRKACA
SMAD7,1,PPP1CA
PPP1CA,1,ACVRL1
SH3RF1,1,MAPK8IP1
MAPK1,1,MAP3K5
SMURF2,1,CTNNB1
IFNL1,1,IL10RB
IL10,1,IL10RB
IFNL1,1,IFNLR1
LEPR,1,TYK2
MDM2,1,IGF1R
RNF111,1,SMAD3
RNF111,1,SMAD2
SMAD7,1,TAB2
MAPK14,1,STAT3
MAPK8,1,STAT3
MAPK14,1,STAT1
STK11,1,MARK2
GSK3B,1,SMAD1
INPPL1,1,MAPK8IP1
NOTCH1,1,SMAD1
LTC4S,1,MEF2C
IFNAR1,1,IFNGR1
SOCS3,1,LEPR
SOCS3,1,IL12RB1
PTPRT,1,STAT3
EP300,1,SMAD4
TGFBR1,1,TRAF6
MAPK11,1,SMAD2
SMAD6,1,PELI1
CSNK1E,1,SMO
CSNK1A1L,1,LRP6
AXL,1,PIK3CG
CSNK1A1,1,LRP6
CSNK1D,1,LRP6
CSNK1E,1,LRP6
DVL1,1,CTNNB1
DVL1,1,JUN
DVL2,1,LRRK2
CSNK2A1,1,LEF1
DVL1,1,ROCK1
DVL2,1,RAC1
CSNK1E,1,ROR2
ROR2,1,GRK2
PDGFRA,1,PLCG1
PDGFRB,1,PLCG1
PDGFRA,1,CRK
PDGFRB,1,PTPN11
PDGFRB,1,NCK1
PDGFRB,1,GRAP
CAV1,1,PDGFRB
PDGFRB,1,RASA1
PDGFRB,1,CRK
FGFR1,1,GRB14
FGFR2,1,GRAP
KDR,1,SHC1
FLT4,1,SHC1
CBL,1,MET
MET,1,GRAP
MET,1,RANBP9
MST1R,1,GRAP
MST1,1,MST1R
AKT1,1,MST1R
MST1R,1,YWHAQ
NTRK1,1,ABL1
NTRK1,1,GRAP
NTRK1,1,MATK
NTRK1,1,ARHGAP32
SQSTM1,1,NTRK1
NTRK1,1,SH2B1
NTRK1,1,SH2B2
NTRK2,1,FYN
SQSTM1,1,NTRK2
NTRK2,1,SHC3
EPHB1,1,ACP1
EFNB1,1,EPHB1
EPHA2,1,PIK3R2
EPHA2,1,GRAP
ACP1,1,EPHA2
EPHA2,1,SHC1
EFNB1,1,EPHB2
EFNB1,1,EPHB3
EPHA3,1,SRC
EPHA3,1,FYN
EPHA4,1,ARHGEF15
EPHA4,1,FYN
EPHB1,1,GRB7
EPHB1,1,NCK1
EPHB2,1,SRC
EPHB2,1,RASA1
EPHB2,1,SYNJ1
EPHB2,1,ITSN1
EPHB3,1,RASA1
TEK,1,GRAP
TEK,1,GRB7
TEK,1,GRB14
WNT5A,1,ROR1
DDR1,1,SHC1
AXL,1,SOCS1
DDR2,1,SHC1
SRC,1,DDR2
CDK5,1,LMTK2
LMTK2,1,PPP1CA
AXL,1,GRAP
RET,1,GRB10
RET,1,STAT3
RET,1,DOK4
RET,1,GRAP
RET,1,FRS2
GRB10,1,ABL1
ABL1,1,GRAP
ABL1,1,VAV1
DAB2,1,CSK
IGF1R,1,CSK
CREBBP,1,CSK
GRAP,1,PLCG1
PAG1,1,CSK
LCK,1,PTPN6
LCK,1,NOTCH1
RHOA,1,PLCG1
ERBB2,1,PLCG1
EEF1A1,1,PLCG1
SOCS3,1,RASA1
SRC,1,RASA1
FRS2,1,GRAP
LCK,1,RASA1
RASA1,-1,HRAS
EGFR,1,GRB14
YWHAZ,1,PRKCZ
YWHAQ,1,PRKD1
FRS2,1,CBL
ARHGAP32,1,CRKL
ARHGAP32,1,CRK
GAB1,1,ARHGAP32
GAB2,1,ARHGAP32
RAP1GAP,1,RAP1B
ARHGAP32,-1,RAC1
ARHGAP32,1,RHOA
ARHGAP32,1,SRC
PDGFRB,1,NCK2
RAP1B,1,BRAF
NTRK2,1,NCK2
INSR,1,GRB7
RET,1,GRB7
GRB7,1,RND1
ITSN1,1,CDC42
STK39,1,MAPK14
IL1R1,1,PIK3R1
EPOR,1,PIK3R1
INSR,1,DOK4
DOK4,1,CRK
DOK4,1,SRC
DOK4,1,FYN
RET,1,DOK1
IL6ST,1,GAB2
PTPRF,1,INSR
PTPRF,1,IRS2
ERBB2,1,ESR1
AR,1,ERBB3
NR0B1,1,ESR2
THRB,1,RXRA
RXRB,1,VDR
RXRB,1,THRA
THRA,1,RXRA
RARA,1,NR4A1
VDR,1,RXRA
NR1I2,1,RXRA
RXRA,1,NR4A1
RXRB,1,THRB
THRB,1,STAT5A
NR2F1,1,RXRA
RXRB,1,NR2F1
NR2F2,1,NR2F1
RXRB,1,NR2F2
NR2F6,1,THRB
NR3C1,1,NR3C2
NR3C2,1,NR3C1
RXRB,1,PPARD
RXRA,1,PPARD
NR0B1,1,PGR
NR0B1,1,NR4A1
NCOR2,1,PGR
THRA,1,RARG
RARG,1,THRA
RARA,1,THRA
THRA,1,RARA
RARB,1,THRA
THRA,1,RARB
THRA,1,RXRG
RXRG,1,THRA
RARB,1,RXRB
PPARA,1,RXRG
NR3C1,1,PPARG
PPARG,1,NR3C1
NR1H2,1,PPARD
PPARD,1,NR1H2
RXRB,1,NR1H2
PPARD,1,NR1H3
NR1H3,1,PPARD
NR4A2,1,RXRA
RXRB,1,PPARA
NR4A2,1,RXRB
THRB,1,RXRG
VDR,1,RXRG
RXRG,1,VDR
NR4A2,1,RXRG
RXRG,1,NR4A2
NR2C1,1,AR
NR2C2,1,ESR1
NR2C2,1,ESR2
SRC,1,PPARG
NR2F6,1,NR2F2
NR2F2,1,NR2F6
NR3C1,1,NR2F2
NR2F2,1,NR3C1
NR3C1,1,RXRA
RXRA,1,NR3C1
NR3C1,1,NR4A1
NR3C1,1,NR4A2
NR4A2,1,NR3C1
NCOA2,1,RARA
ESR1,1,NCOA2
NRIP1,1,ESR1
RARA,1,NRIP1
NRIP1,1,RARA
RXRB,1,NRIP1
NRIP1,-1,PPARA
RARA,1,EGFR
PAK1,-1,BAD
FGR,1,PXN
HCK,1,PXN
LYN,1,PXN
SRC,1,PXN
PRKACA,-1,PREX1
PRKACB,-1,PREX1
FGR,1,PTK2
HCK,1,PTK2
SRC,1,PTK2
FGR,1,PTK2B
HCK,1,PTK2B
LYN,1,PTK2B
PRKCZ,1,PARD3
PARD3,-1,TIAM1
PTEN,-1,PTK2
ITK,1,VAV3
CDC42,1,PRKCZ
PRKCZ,1,MAPK1
PRKCZ,1,MAPK3
JAK3,1,STAT2
CDC42,1,MAP2K7
MAPK1,1,FOS
MAPK3,1,FOS
PDCD1,1,PTPN6
CAMP,1,PRKACB
CCR5,1,JAK3
CXCR4,1,JAK3
ADCY5,1,CAMP
CAMP,1,PRKACA
MAP3K7,1,RCAN1
LYN,1,SHC1
SRC,1,SHC1
AKT3,-1,BAD
NFKB1,1,NFKBIA
AKT3,-1,GSK3B
AKT3,-1,FOXO3
ZAP70,1,MAPK14
AKT3,-1,CDKN1A
CSK,-1,LCK
PDCD1,1,PTPN11
GNAI1,-1,ADCY5
GNAI2,-1,ADCY5
GNAI3,-1,ADCY5
FGR,1,PIK3R1
HCK,1,PIK3R1
PTPN6,-1,PIK3R1
GNB5,1,PIK3R1
CCR5,1,GNAI1
CCR5,1,GNAI2
CCR5,1,GNAI3
CXCR4,1,GNAI1
CXCR4,1,GNAI2
CXCR4,1,GNAI3
ARRB1,-1,GNAI1
ARRB1,-1,GNAI2
ARRB1,-1,GNAI3
ARRB2,-1,GNAI1
ARRB2,-1,GNAI2
ARRB2,-1,GNAI3
MAPK1,-1,PTPN6
MAPK3,-1,PTPN6
GAB2,-1,LCP2
ZAP70,1,LAT
GNAI1,1,FGR
GNAI1,1,HCK
GNAI1,1,SRC
GNAI2,1,FGR
GNAI2,1,HCK
GNAI2,1,LYN
GNAI2,1,SRC
MAP3K1,1,MAP2K2
ITK,1,CD28
LCK,1,ITK
LAT,1,PIK3R1
FGR,1,ELMO1
HCK,1,ELMO1
LYN,1,ELMO1
AKT3,1,MAP3K8
PROS1,1,AXL
MAPK14,1,CARD14
CCL2,1,CCR5
CCL3,1,CCR5
CRH,1,CRHR1
CXCL12,1,CXCR4
MAPK1,1,CARD14
EDN1,1,EDNRA
EDN2,1,EDNRA
CARD14,1,EIF4E
WNT5A,1,FZD6
CALM2,1,MYLK2
CALM1,1,MYLK2
CALM3,1,MYLK2
CALM2,1,PPP3R1
PTHLH,1,PTH1R
IRS1,1,NCK1
GNB2,1,IRS1
PROS1,1,TYRO3
CAMK2A,-1,SYN1
PDPK1,1,RPS6KB1
CALM3,1,CAMK2A
CALM1,1,CAMK2A
CALM2,1,CAMK2A
NTRK1,1,CRK
CASP9,1,CASP6
VRK1,1,ATF2
GRM1,1,GNB2
GRM1,1,GNAQ
SYNGAP1,1,DLG4
CALM3,1,IQGAP1
CALM1,1,IQGAP1
CALM2,1,IQGAP1
IQGAP1,-1,NRAS
ITGB1,1,ILK
TCF7,1,LEF1
SH2B2,1,VAV2
LCK,1,VAV2
IRS1,1,PIK3CA
YWHAH,-1,BAD
RIMS1,1,YWHAH
CREB1,1,GDNF
PRKACA,1,GDNF
PRKACA,1,CREB1
MAP4K1,1,MAPK1
RAF1,1,MAP4K1
HTR1A,1,GNAI3
MAPK1,1,MAPKAPK2
PRKACA,-1,SYN1
CAMK1,-1,SYN1
MAPK1,-1,SYN1
CDK5,1,SYN1
MINK1,1,MAPK14
VAV2,1,RAC1
CAMK2A,1,TIAM1
PRKCA,1,TIAM1
GRB2,1,VAV2
ZAP70,1,VAV2
SRC,1,VAV2
RASGRP3,1,NRAS
RASGRP3,1,RAP1A
PRKCA,1,RASGRP3
NRAS,1,RALGDS
RAP1A,1,RALGDS
CALM3,1,NOS1
CALM1,1,NOS1
CALM2,1,NOS1
CREM,-1,KCNIP3
KCNIP3,-1,CREB1
RPS6KB1,1,CREM
TCF7,1,SRF
CREBBP,1,JUN
CREBBP,-1,TCF7
CALM3,1,CAMK4
CALM1,1,CAMK4
CALM2,1,CAMK4
CALM3,1,PPP3R1
CALM1,1,PPP3R1
CAMK4,1,CREB1
CHRM2,1,GNAI3
CHRM2,1,GNB2
GNB2,1,RASGRP3
GNB2,1,GRK2
NRAS,1,PIK3CA
GNB2,1,PIK3CA
PRKCA,-1,GRIN2A
DRD1,1,GNAS
DRD1,1,GNAI3
HTR2A,1,GNAQ
HTR1A,1,GNAS
CHRM2,1,GNAO1
GNA13,1,PTK2B
PDPK1,1,RPS6KA1
GRB2,1,KHDRBS2
HTR4,1,GNAS
HTR2A,1,GNB2
HTR4,1,GNB2
SRC,1,KHDRBS2
DRD2,1,GNAI3
DRD2,1,GNB2
PRKACA,-1,PLCG1
GRM1,1,GNA11
SH3KBP1,-1,RBP1
RBP1,1,SHC1
RBP1,1,GRB2
PRKACA,1,NFKB1
MAPK1,1,CREBBP
BID,1,COX5B
BAX,1,COX5B
ANP32A,1,APAF1
SEC63,1,HSPA5
FYN,1,GRIN2A
ADRA2A,1,GNB2
SRC,1,GRIN2A
CAPN1,-1,GRIN2A
DLG4,1,GRIN2A
FER,-1,CTNNB1
DRD2,1,GNAO1
ARHGEF7,1,ARHGAP1
ARHGAP1,1,ROCK2
PRKCA,-1,NOS1
CAMK2A,-1,NOS1
CAMK4,-1,NOS1
BRAF,1,MAP4K1
PRKACA,-1,NOS1
FYN,1,PTK2
RAPGEF1,1,RAP1A
RAP1A,1,BRAF
PAK1,1,ABL1
ABL1,1,VAV2
ADRA2A,1,GNAI3
ADRA2A,1,GNAO1
PRKCA,1,ABL1
ABL1,1,TP53BP1
YWHAH,1,BRAF
RAP1A,-1,RAF1
PPP3R1,1,NOS1
CAMK1,1,CREB1
AKAP5,1,PRKACA
LCK,1,RAF1
PRKACA,-1,RAP1A
PRKACA,-1,CAMKK2
CAMKK2,1,CAMK1
CALM3,1,CAMKK2
CALM1,1,CAMKK2
CALM2,1,CAMKK2
CAMK2A,-1,CREB1
LAMTOR3,1,MAP4K1
LAMTOR3,1,MAPK1
MAP3K14,1,MAP3K1
MAP3K14,1,NCK1
MAPK8IP1,1,DLK1
MAP3K3,1,MAP4K3
MAP3K4,1,MAP4K3
MAP3K4,1,MINK1
PRKCA,1,PPP1R14A
PKN1,1,PPP1R14A
ILK,1,PPP1R14A
ROCK2,1,PPP1R14A
MAP4K3,1,MAPK14
ARHGEF2,1,RAC1
ARHGEF2,1,ARHGAP1
MAPK8IP1,1,MAP2K4
ARRB1,1,FZD1
CSNK1G1,1,DVL1
SRC,-1,ARRB1
RAPGEF2,1,RAP1A
RAPGEF2,1,RAP2A
PRKCA,-1,DNM1
PRKCA,1,ADCY5
GNAS,1,ADCY5
ADRB2,1,GNAS
ADRB2,1,GNB2
RHEB,1,RAF1
CSNK1G1,1,TBR1
PDGFRB,1,SH2B2
NHERF1,1,ADRB2
PTPN11,-1,SPRY1
CSK,1,PXN
CSK,1,PTK2
CSK,-1,SRC
PTPN11,1,PIK3CA
CALM3,-1,GRIN2A
CALM1,-1,GRIN2A
CALM2,-1,GRIN2A
IKBKE,1,JUN
VAV2,1,ARHGAP1
VAV2,1,CDC42
ARHGEF1,1,ARHGAP1
GNA12,1,ARHGEF1
GNA13,1,ARHGEF1
NRAS,1,BRAF
PRKACA,1,BRAF
DRD1,1,GNB2
NEK9,1,ARHGEF2
RASGRF1,1,NRAS
RASGRF1,1,RAC1
CAMK2A,1,RASGRF1
CALM3,1,RASGRF1
CALM1,1,RASGRF1
CALM2,1,RASGRF1
CALM3,1,RIN1
CALM1,1,RIN1
CALM2,1,RIN1
RIN1,-1,NRAS
YWHAH,-1,RIN1
PRKD1,1,YWHAH
NTRK2,1,SHC1
GSK3A,1,CREB1
PPP2R5C,1,GSK3A
SH3KBP1,1,JAK2
CAMK4,1,CREM
RGS2,-1,GNA11
RGS2,-1,GNAQ
RGS2,-1,GNAI3
IGF1R,1,VAV2
AXIN1,1,GSK3A
GSK3A,-1,CTNNB1
ANAPC1,-1,CTNNB1
GSK3A,1,ANAPC1
CREM,-1,CREB1
GRB2,1,DNM1
SRC,1,DNM1
MAPK8IP1,1,RASGRF1
MAPK8IP1,1,TIAM1
MAPK8IP1,1,MAPK14
PRKACA,1,CREBBP
CREB1,1,TAF1
PRKACA,1,PPP1R1B
CARM1,1,CTNNB1
FN1,1,ITGB1
PPP1R1B,-1,PPP1CC
PRKACA,-1,ADRB2
PRKCA,-1,NFASC
RAP1GAP,-1,RAP1A
RGS19,-1,GNAQ
PTK2,1,SHC1
F2RL1,1,GNB2
F2RL1,1,GNAQ
ARRB1,-1,F2RL1
NTRK1,1,GRB2
TSC2,-1,RAP1A
SYN1,-1,GNAZ
PAK1,-1,SYN1
DRD2,1,GNAZ
HTR1A,1,GNAZ
GNAZ,-1,ADCY5
CBLB,-1,VAV2
PPP3R1,-1,PPP1R1B
PRKACA,-1,DRD1
SIAH2,-1,VAV2
DOK1,1,RASGRP3
ABL1,1,DOK1
ARRB1,-1,ADRB2
CBLB,-1,SRC
CBLB,-1,PIK3CA
GAB1,1,PIK3CA
CALM3,1,DAPK1
CALM2,1,DAPK1
COX5B,1,APAF1
SRC,-1,CTTN
GSN,-1,CASP9
EGFR,1,EPB41
PRKACA,1,FLNA
SHANK1,1,ARHGEF7
ARHGEF7,1,GIT1
PRKCA,1,EIF4E
PPP2R5C,-1,AKT1
CALM3,-1,AKAP5
CALM1,-1,AKAP5
CALM2,-1,AKAP5
CALM3,-1,NRAS
CALM1,-1,NRAS
CALM2,-1,NRAS
PRKCA,-1,GRK2
CALM3,-1,GRK2
CALM1,-1,GRK2
CALM2,-1,GRK2
GRB2,-1,PTPRA
GABBR1,1,GNAO1
PRKCA,1,GRM1
PRKACA,1,GRIN2A
CBLB,-1,CRK
CAMKK2,1,AKT1
CBLB,-1,FYN
CBLB,-1,LCK
CDC42,1,MAP3K10
RAC1,1,MAP3K10
SYNGAP1,-1,NRAS
CAMK4,1,SYN1
CAMK2A,1,SYNGAP1
RASGRP3,1,AKT1
ILK,1,AKT1
ILK,-1,GSK3A
CAMKK2,1,CAMK4
PKIA,-1,PRKACA
PPP2R5C,-1,BCAR1
GSK3A,1,SERPINB2
CSNK1G1,1,SERPINB2
SERPINB2,-1,PPP1CC
SH3KBP1,-1,SPRY1
SRC,1,PTPRA
PPP1CC,-1,GRIN2A
PPP2R5C,-1,GRIN2A
DLG4,1,NOS1
PPP1CC,-1,CAMK2A
PRKACA,-1,PPP1R1A
PPP1R1A,-1,PPP1CC
PPP3R1,-1,SYN1
PRKCA,-1,GSK3A
PTPRA,1,FYN
IQGAP1,-1,CDC42
IQGAP1,-1,RAC1
PTPRA,1,LCK
GRK2,-1,OPRM1
ARRB1,-1,OPRM1
PRKCA,-1,BCL2
GSK3A,-1,JUN
RAF1,-1,BAD
PPM1A,1,BAD
PPP2R5C,1,BAD
PPP1CC,1,BCL2
KHDRBS2,-1,CREBBP
DLGAP1,1,SHANK1
RACK1,-1,FYN
PRKACA,-1,PTPN5
PPP3R1,1,PTPN5
PRKCA,-1,IRS1
CAMK2A,-1,ARHGAP32
PPP2R5C,-1,CREB1
AKT1,-1,TP53BP1
BAX,-1,BAD
BAK1,-1,BAD
PPP2R5C,-1,CAMK4
GSK3A,-1,NFATC1
CSNK1G1,-1,NFATC1
MAPK14,-1,NFATC1
PRKACA,-1,NFATC1
YWHAH,-1,NFATC1
YWHAH,-1,FOXO1
DLGAP1,1,DLG4
DLG4,1,DLGAP1
MAP3K1,1,MAPK8
PIN1,1,JUN
PPP2R5C,-1,BCL2
CASP3,-1,PPP2R5C
CASP3,1,PPP3R1
LCK,1,PLCG1
LYN,1,PLCG1
FYN,1,PLCG1
HCK,1,PLCG1
ARHGEF12,1,ARHGAP1
EPB41,1,DLG1
SRC,1,DLG4
JUN,1,CREB1
MAP3K1,1,EPHA4
MAPK14,1,JUN
CAMK2A,1,DLG1
NPM1,-1,HEXIM1
PPP2R5C,-1,CAMK1
CAMK2A,-1,PPP2R5C
BCL2,-1,BID
CRK,1,PXN
PXN,1,CRK
ARHGAP32,-1,ARHGAP1
YWHAH,-1,RAF1
PPP3R1,-1,PPP1R1A
CASP3,-1,RB1
PPP3R1,-1,CAMK4
PPP3R1,-1,GRIN2A
GRM7,1,GNAI3
GRM7,1,GNAO1
GRM7,1,GNB2
CALM3,-1,GRM7
CALM1,-1,GRM7
CALM2,-1,GRM7
PRKCA,1,GRM7
PRKACA,1,GRM7
CALM3,-1,DRD2
CALM1,-1,DRD2
CALM2,-1,DRD2
MAP3K10,1,DLG4
FYN,1,FLT3
PICK1,-1,GRM7
GSK3A,-1,PSEN1
CALM1,1,RAC1
SRC,1,GRK2
CALM3,1,RAC1
CALM3,1,RIT2
CALM1,1,RIT2
CALM2,1,RIT2
SRC,1,SYK
NF1,-1,NRAS
MAPK1,1,KHDRBS2
FYN,1,DLG4
CREB1,1,GTF2B
GDF15,1,ERBB2
BAG2,1,RAF1
BAG2,1,BCL2
MDM2,-1,TP53BP1
DLGAP1,1,NOS1
PRKACA,1,STK24
ITGB1,1,PTK2B
PPP3R1,1,BAD
YWHAH,1,TP53BP1
NTRK2,1,IRS2
NTRK2,1,IRS1
YWHAH,-1,IRS1
CAPN1,-1,CABIN1
CABIN1,-1,PPP3R1
OPRK1,1,GNB2
PPP3R1,-1,CREB1
SHC1,1,PIK3CA
ERBB2,1,PIK3CA
NTRK1,1,PIK3CA
PRKACA,1,RIMS1
PRMT1,1,KHDRBS2
COL1A1,1,ITGB1
VTN,1,ITGB1
FGA,1,ITGB1
RAPGEF1,1,NRAS
OPRD1,1,GNB2
OPRD1,1,GNAO1
OPRD1,1,GNAI3
OPRK1,1,GNAO1
OPRK1,1,GNAI3
OPRM1,1,GNAO1
OPRM1,1,GNAI3
ERBB2,1,SNTA1
GRIN2A,1,PLCG1
GRIN2A,1,DLG3
NTRK1,1,IRS1
RAP2A,1,NRAS
RAP2A,1,RALGDS
IGF1R,1,SHC1
IGF1R,1,GRB10
INSR,1,GRB10
GRB10,1,PIK3CA
PPP1CC,-1,CREB1
TP73,-1,UVRAG
ULK1,1,GABARAP
ULK1,1,ATG14
GABARAP,-1,DVL2
MTOR,1,AKT1
GSK3B,1,KAT5
RELA,1,BECN1
EIF4EBP1,-1,RPTOR
RB1CC1,1,TP53
RB1CC1,-1,PTK2B
RB1CC1,-1,TSC1
KAT5,1,ULK1
NFKBIE,-1,NFE2L2
IKBKB,-1,NFE2L2
MAPK13,-1,NFE2L2
HDAC3,-1,NFE2L2
HDAC3,-1,PAG1
MAFG,-1,JUN
TNF,1,NFE2L2
ESR1,-1,NFE2L2
HSP90AB1,-1,KEAP1
TXN,1,SETD2
PRKCA,1,NFE2L2
MAP2K6,-1,NFE2L2
MAPK12,-1,NFE2L2
CSNK2A1,-1,KEAP1
CSNK2A1,-1,NFE2L2
PRKCD,1,NFE2L2
SQSTM1,-1,KEAP1
KEAP1,-1,IKBKB
KEAP1,-1,RAC1
KEAP1,1,CUL3
MAPK11,-1,NFE2L2
HDAC2,-1,NFE2L2
SIRT1,-1,NFE2L2
KEAP1,-1,PGAM5
PGAM5,-1,NFE2L2
ATM,1,NFKBIA
CHUK,-1,NCOR2
ERC1,1,CHUK
MAPK14,1,CSNK2B
CSNK2B,-1,NFKBIA
MAPK14,-1,NFKBIA
EP300,1,RELA
IKBKB,1,NFKBIE
MAP3K1,1,IKBKB
ATM,1,MRE11
RPS6KA1,1,NFKBIA
YWHAQ,-1,FOXO3
MAP2K6,1,MAPK8
AXIN1,1,APC
IFIH1,-1,TRAF3
PDPK1,1,RPS6KA3
PDPK1,1,RPS6KA2
ECSIT,1,MAP3K1
CD14,1,TLR4
RIGI,-1,IFIH1
TLR4,1,MYD88
CASP12,-1,CASP1
COP1,-1,CASP1
RIGI,-1,TRAF3
RIGI,1,TBK1
RIGI,1,IKBKE
IFIH1,1,TBK1
IFIH1,1,IKBKE
MAVS,-1,TRAF3
MAVS,1,IKBKE
TRAF3,1,IKBKE
IKBKE,-1,TANK
IKBKE,1,TBK1
TBK1,1,IKBKE
TRAF3,1,TBK1
MAVS,1,IRF3
MAVS,-1,IRF7
COP1,-1,NLRC4
CASP1,-1,NLRC4
COP1,-1,NLRP1
COP1,-1,CASP5
CASP1,-1,NLRP1
SRC,-1,ING1
CASP1,-1,CASP5
COP1,-1,CARD8
NOD1,1,MAPK14
NLRC4,-1,NOD1
NOD1,-1,RIPK2
NLRC4,-1,RIPK2
RIPK2,1,IKBKB
ERBIN,-1,NOD2
NOD2,1,MAPK1
NLRC4,-1,NOD2
NOD2,-1,RIPK2
NOD2,1,MAPK14
CARD9,1,MAPK14
NOD2,1,MAPK8
CARD9,1,MAPK8
ERBIN,-1,RIPK2
NOD2,-1,NOD1
RIPK2,1,MAP3K7
TRAF6,1,IKBKB
TRAF6,1,NFKBIA
RIPK2,1,MAPK14
TRAF6,1,MAPK14
MAP3K7,1,MAPK14
RIPK2,1,MAPK8
TRAF6,1,MAPK8
UBE2N,-1,MAP3K7
TRAF6,-1,IKBKG
SPAG5,1,CDK5RAP2
TNFRSF1A,1,CASP8
CASP10,1,CASP7
EIF2AK2,1,TP53
BID,1,CYCS
BID,1,DIABLO
PRKCZ,1,NFKB1
TBK1,1,NFKB1
MAP3K7,1,NFKB1
IL1R1,1,MYD88
TLR2,1,MYD88
SOCS3,-1,IFNGR1
PRKCD,1,STAT1
JAK2,1,JAK1
JAK1,1,JAK2
JAK1,1,TYK2
STAT2,1,STAT1
CREBBP,1,IRF9
MAPK1,1,RPS6KA4
MAPK3,-1,GABBR1
MAGI2,1,PTEN
CCNH_CDK7_ERCC2_ERCC3_GTF2H1_GTF2H2_GTF2H2C_2_GTF2H3_GTF2H4_GTF2H5_MNAT1,-1,E2F1
MAPK12,1,SNTA1
BTRC_CUL1_SKP1,-1,CEP68
CTNND2,1,ERBIN
CSNK1A1,-1,ATM
DLGAP1,1,SHANK2
SIRT7,1,DDX21
PRKCD,1,SDC4
CDK1,-1,SIRT2
PTPN11,-1,CTNNA1
PRKACA,1,LATS1
CDK1,1,PKN1
MAP4K5,-1,GSK3B
DUSP6,-1,MAPK8
PTK2B,1,TBK1
PRKCD,-1,CXCR4
EP300,1,FLI1
PIM1,1,SKP2
MAPK1,1,CTTN
WNK3,1,WNK1
MST1,1,PRKCA
ATM,-1,PPP1R2
CDK7,1,RARG
PIM1,-1,FOXO3
LAMA3_LAMB3_LAMC2,1,ITGA6_ITGB4
SDC4,1,DVL2
RPS6KA1,1,RANBP3
DUSP4,-1,MAPK9
HRH1,1,GNAL
INSR,1,GAB1
PRKAA1_PRKAA2_PRKAB1_PRKAB2_PRKAG1_PRKAG2_PRKAG3,1,NEDD4L
MAPK14,-1,GLI1
SMURF1,-1,BMPR1A
GSK3B,-1,MAP1B
SRC,1,TRAF6
PPP3CA,1,NFATC1
BCR,1,YWHAQ
SKP2,-1,CCND1
PPM1A,-1,IKBKB
CSNK1A1,-1,DEPTOR
PRKACA,-1,PRKAA1
TNKS,-1,AXIN2
MAPK3,1,TWIST1
NCOA3,1,ATF4
SRC,1,IGF1R
AKT1,1,MAP3K8
PIK3CA,1,PIK3R1
AKT1S1_DEPTOR_MLST8_MTOR_RPTOR,-1,ULK1
LATS2,-1,YAP1
PRTN3,-1,F2RL1
SPOP,1,BMI1
MAPK3,1,SYN3
MAPK3,-1,IRS1
CHEK1,1,TP73
PRKD1,1,PPP1R14A
PRKAA1_PRKAA2_PRKAB1_PRKAB2_PRKAG1_PRKAG2_PRKAG3,-1,YAP1
CDK1,-1,STIP1
DTL,1,CRBN_CUL4A_DDB1_RBX1
PRKACA,-1,MC4R
PPP2CA,-1,AKT3
ATM,1,MECOM
ITGA2B_ITGB3,1,PTPN1
DNM1,1,MYO1E
PRKAA1,1,FOXO1
EGFR,1,GAB1
MSX2,1,SPEN
CDK1,1,AMBRA1
CSNK2A1,-1,CALM1
EDNRA,1,GNAI3
MAPK3,-1,CIC
PRKCA,1,JAK2
CDK1,-1,UBXN2B
SKIL,-1,SMAD1
GTF2B,1,FOXF2
STK3,1,NEK2
SRC,1,HDAC3
GSK3B,-1,GPHN
TELO2,1,DEPTOR_EEF1A1_MLST8_MTOR_PRR5_RICTOR
USP14,1,CXCR4
GSK3B,1,SPAG5
F2R,1,GNAO1
CDK5,-1,NR3C1
PDGFB,1,PDGFRB
ITGB1BP1,-1,ITGB8
AKT1,-1,NPM1
CHUK_IKBKB_IKBKG,-1,IKBKG
CCNA2_CDK2,1,TP53
SMAD3,-1,CEBPB
PBK,1,JUN
SRC,1,CAPN2
GSK3B,1,BAX
RALA,1,FOXO4
AKT1,1,AKT1S1_DEPTOR_MLST8_MTOR_RPTOR
ANAPC1_ANAPC10_ANAPC11_ANAPC13_ANAPC2_ANAPC4_ANAPC5_ANAPC7_CDC16_CDC23_CDC26_CDC27,-1,IRS2
CDK5,1,APEX1
PRKD1,-1,RIN1
RET,1,PDPK1
PBK,-1,ULK1
BMP4,1,BMPR1A_BMPR1B_BMPR2
OXSR1,-1,PAK1
SMURF1,-1,BMPR2
NF2,1,STK3
WWTR1,1,MYOD1
NRXN2,1,DAG1
CSNK2A1,-1,RIGI
MOB1B,1,LATS2
MAPK8,-1,GRB7
FYN,1,PRKCQ
FZD3,1,GNA12
FBXO32,1,CUL1_RBX1_SKP1
DDX21,1,JUN
PPP2CB,-1,PRKCD
MTOR,-1,IRS1
RET,1,MAPK14
BRCA1,-1,ERCC6
PRKACA,-1,IRS1
GSK3A,-1,MYC
STK4,1,MOB1A
CDK1,1,CDC25C
PRKCB,-1,STXBP1
MAPK3,1,MAPKAPK2
PRKACA,-1,GLI2
PTPRJ,-1,MAPK1
SKI,-1,SMAD1
RPS6KB1,-1,DEPTOR
CUL3_RBX1_SKP1,-1,DVL1
GNA12,1,PPP5C
GNA13,1,PPP5C
GNA12,1,BTK
CSNK2A1,1,SEC63
PIM1,1,RELA
WWTR1,1,PAX3
TP53INP1,1,MAP1LC3A
PTPN1,-1,PDGFRB
ERBB4,1,PIK3CG
DUSP4,-1,MAPK14
CSNK1D,-1,MDM2
ADIPOR1,1,APPL1
IL13,1,IL4R
RHEB,-1,EIF2AK3
TNFAIP3,-1,TRAF6
TGFB1,1,PIK3R1
F2,1,F2RL2
F2R,1,GNA12
AURKB,1,HASPIN
PPP1R2,-1,PPP1CA
HDAC1,-1,RELA
MAPK8,1,TWIST1
KAT2B,-1,H3C13
WNT1,1,FZD8
PTPRF,-1,BCAR1
AKT3,-1,BRAF
ESR1,1,FOS_JUN
DNM2,1,VAV1
ERBB2,1,SHC3
SRC,-1,CDH2
SRC,1,INPPL1
MAPK1,1,ESR1
AXIN2,1,APC
PTPRJ,-1,PIK3CA_PIK3R1
WDR62,1,MAP3K3
CDK2,1,SKP2
CDK1,1,MAPK6
MAP3K3,1,WDR62
PIM1,1,NFATC1
PPP2CB,-1,MYC
MYCBP2,-1,MYC
PRKCD,-1,HABP4
NLK,-1,FOXO1
WDFY3,-1,GABARAP
ABL1,1,STK4
SRC,1,CTNND1
EDNRA,1,GNAI1
CSNK1A1,-1,MYC
EGR1,1,SF1
SPOP,-1,DAXX
APC_AXIN1_GSK3B,-1,CTNNB1
CDK2,-1,FZR1
HIPK2,-1,ZBTB4
MAPK1,1,RPS6KB1
GRM1,1,GNAS
PRKACA,1,FYN
MAPK11,1,HBP1
PCBP2,-1,MAVS
LCK,1,PLCG2
IFNAR1,1,PIK3CA_PIK3R1
IKBKG,1,RELA
PRKCG,1,PSEN1
CSNK1E,-1,PER1
SIRT7,-1,TP53
SRC,1,GIT1
EGFR,1,ERRFI1
AKT1,-1,CFLAR
PRKCI,-1,FBXW7
MAPK14,1,TP53
GP1BA_GP1BB_GP5_GP9,1,FLNA
AKT1S1_DEPTOR_MLST8_MTOR_RPTOR,-1,EIF4EBP1
PRKCA,-1,HES1
PLK1,-1,HSF1
PRKAA2,-1,DUSP1
OXTR,1,DRD2
COL1A1,1,DDR1
CDK1,-1,TSC1
SRC,1,FCRL3
CSNK1G1,-1,FOXO1
STAT6,-1,NFKB1_RELA
MAPK10,-1,DIABLO
CUL1_RBX1_SKP1,-1,IL22RA1
PLK1,-1,NOTCH1
CDK2,-1,SMAD3
MAPK3,1,ESR1
PRKAA1_PRKAA2_PRKAB1_PRKAB2_PRKAG1_PRKAG2_PRKAG3,-1,PRKAA1
MELK,1,FOXM1
FZD5,1,LRP5
MAP3K5,1,CDKN1A
MAPK3,1,SP1
IGF1R,1,PDPK1
PIN1,-1,IRF3
PRKCD,-1,NR2F6
PTH,1,PTH1R
RPS6KA3,1,ATF4
PRKG1,-1,HRH1
LCK,1,DEF6
STK11,-1,PTEN
PRKAA1_PRKAA2_PRKAB1_PRKAB2_PRKAG1_PRKAG2_PRKAG3,1,PPARGC1A
JUN,1,SPI1
CSNK1A1,-1,CDH1
PTPN12,-1,INSR
LRP5,1,DVL1
IKBKE,-1,YAP1
PTPRC,-1,JAK2
CTNND1,1,CDH3
PRKACA,1,CTNNB1
CUL1_RBX1_SKP1,-1,KDM4A
PRKAA1,1,FOXO3
CSNK2A1,-1,TELO2
MAPK3,1,ASB2
PPP2CA,-1,AKT1
SRC,1,SPRY2
PKN1,1,RAF1
PPP3CB,1,NFATC1
CSNK2A1,-1,MYB
ADAM17,1,HBEGF
STK3,1,MOB1A
PAK1,-1,SPEN
SGK3,-1,FOXO3
MAPK1,1,ABI1
PTPN11,1,CDC73
CAMK2A,1,RIMS1
GSK3B,-1,CD274
CREBBP,1,KLF1
DCC,1,PTK2
CUL1_FBXW7_SKP1,-1,BLM
CCNA2_CDK2,-1,RUNX1
PRKCQ,-1,PTPN6
AKT1,-1,BRAF
PTPRJ,-1,RET
PRKACA,1,PJA2
PLK1,1,TOPORS
FLT1,1,GNAI1
CALM3,1,PPP3CB
ATM,1,SMAD1
CHUK_IKBKB_IKBKG,-1,MTURN
MTURN,-1,CHUK_IKBKB_IKBKG
RPS6KB1,-1,IRS1
CHEK1,1,CDC7
CDK1,1,RPS6KB1
PRKCE,1,PRKD2
AKT1,-1,LARP1
SRC,1,TRIM25
SOCS3,-1,IRS1
INSR,-1,ADRB2
GEM,-1,ROCK2
IKBKB,-1,COPS5
A2M,-1,MMP9
MMP9,-1,A2M
FST,-1,MSTN
CDK1,1,RANBP2
CCNA2_CDK2,-1,SLBP
IKBKB,-1,CYLD
ATM,1,METTL3
CDK1,1,YAP1
CDK3,-1,NOTCH1
PTPN11,-1,ERBB2
ERCC6,-1,APEX1
FBXO32,-1,MYOD1
PPP2CA,1,SP1
NRAS,1,PIK3CA_PIK3R1
FGFR1,-1,PDP1
ELANE,-1,F2RL1
NEK2,-1,PPP1CC
PRKAA2,1,ULK1
CALM1,1,GEM
RAB1A,1,C9orf72
MAPK1,-1,EIF4EBP1
STK3,-1,PIK3CA
PRKACA,1,CUL5
RPS6KB1,-1,TP63
PRKCQ,1,CBL
DEPTOR_EEF1A1_MLST8_MTOR_PRR5_RICTOR,1,AKT1
EREG,1,ERBB4
PTPRJ,-1,MET
PPP2CA,1,RB1
CRBN_CUL4A_DDB1_RBX1,-1,MAGEA3
WWTR1,1,RUNX2
SPOP,-1,NCOA3
GSK3B,-1,CDC25A
MAPK3,1,PCBP2
CAPN2,1,CDK5_CDK5R1
CCNB1_CDK1,-1,WWTR1
SRC,1,RPS6KA3
BIRC3,1,RIPK3
CAMK2A,-1,ETS1
PTPRJ,-1,INSR
MAPK9,1,MYC
LCK,1,ESR1
DOK1,-1,ITGAV_ITGB3
PTPRF,-1,EGFR
CDK9,-1,RCHY1
RNF144B,-1,CDKN1A
CAMK2A,-1,HRH1
BIRC3,1,RIPK4
GPHN,1,ARHGEF9
WNT5A,1,LRP6
PSTPIP1,-1,DNM2
WNK1,1,OXSR1
PRKACA,-1,CASP9
LATS2,-1,WWTR1
MAPK4,1,AKT1
CASP3,1,CASP9
CSNK2A1,1,OTUB1
MEF2C,1,MYOD1
PLK1,-1,CDH1
TGFB1,1,PPP2R2A
CDK1,-1,CASP8
HTR2A,1,GNAI1
GRK2,-1,FPR1
CD247_CD3D_CD3E_CD3G,1,NCK1
SYK,1,MAP4K1
UBE3A,-1,NOL3
PPP2CB,-1,CARD11
STK11,1,PRKAA1_PRKAA2_PRKAB1_PRKAB2_PRKAG1_PRKAG2_PRKAG3
SRC,-1,WNK4
CDK9,-1,MYC
CCNE2_CDK2,-1,RB1
CDON,1,ABL1
SIRT1,1,AKT1
HACE1,-1,RAC1
HSP90AA1,1,NOD2
SMO,1,STK36
MYLK2,1,MEF2C
SRC,1,BDKRB2
AURKA,1,DLGAP5
STAP1,1,STAT5A
NRXN3,1,DAG1
ITCH,1,H1-2
PPP1CA,-1,AXIN1
CCNA2_CDK2,-1,CEP76
PTPRC,-1,TYK2
MMP14,-1,F12
CALM1,1,PPP3CA
PBK,1,PRDX1
PRKAA1_PRKAA2_PRKAB1_PRKAB2_PRKAG1_PRKAG2_PRKAG3,-1,GLI1
ARHGEF15,1,RHOA
PRKACA,1,KCNH2
PRKD1,1,PAK4
CDK1,1,UBE2A
CAMKK2,1,PRKAA1
PIN1,1,NOTCH1
PPP2CA,-1,MAP2K1
GNG2,1,PIK3CA
MAPK3,-1,NR3C2
PRKCA,-1,SHOC2
ADAM17,1,EREG
RFWD3,1,MDM2
MAP3K4,1,MAP2K3
CUL1_SKP1_SKP2,-1,CDK9
PPP1CC,1,CDK9
PRKACA,1,CSNK1A1L
YAP1,-1,DVL1
CUL3,1,LZTR1
AKT1S1_DEPTOR_MLST8_MTOR_RPTOR,1,RPS6KB1
PRKCZ,1,PPP1R14A
EGFR,1,PKIA
CDK2,-1,TP73
ARHGAP5,-1,RHOA
ATM,1,BTRC
TBK1,1,AKT1
CSNK2A1,1,BID
YES1,1,YAP1
KMT2A,1,RUNX1
GRM4,1,GNAS
AURKA,1,NEDD9
RELA,1,EGR1
PAK1,1,CTTN
CCNB1_CDK1,-1,NPM1
NEK6,1,HSPA1A
SMO,1,GNG3
RAD23B,-1,PAX3
PTPN1,-1,GHR
CSNK2A1,1,MECOM
HAT1,-1,H4C6
CDK2,-1,RBL2
PTPRJ,-1,KDR
CREBBP_EP300_KAT2B,1,SMAD2
CSNK2B,1,BID
CCNB1_CDK1,1,KAT5
CDK4,-1,MYOD1
PERP,-1,NFKB1
CCNB1_CDK1,1,PTPN1
PLK1,1,TTK
MAPK9,1,JUN
NLGN2,1,NRXN3
PTPN1,-1,STAT6
PPM1A,-1,AXIN1
CCNB1_CDK1,-1,NCOA3
MAPK7,1,SGK1
CCND1_CDK4,-1,RB1
PRKCZ,1,SP1
CTNNB1,1,NOTCH1
SRC,-1,SOCS1
PRKAA1_PRKAA2_PRKAB1_PRKAB2_PRKAG1_PRKAG2_PRKAG3,-1,AKT1S1_DEPTOR_MLST8_MTOR_RPTOR
PTPN1,-1,EPHA3
CDK1,1,PTPN1
PPM1A,1,PIK3R1
PPP2CA,-1,CILK1
PHLPP1,-1,RPS6KB1
MAPK14,-1,KHSRP
CAMK2A,-1,DLGAP1
CSNK2A1,1,PIAS1
PRKCE,1,ALDH2
EP300,1,MEF2C
MAPK3,1,CTTN
PDPK1,1,SGK2
PRKAA2,-1,RPTOR
IKBKB,1,BCL10
PTPN11,1,MAP3K5
UBE2I,-1,BHLHE40
CDK4,-1,SMAD3
PRKCA,1,EZR
PTEN,-1,STAT5A
CSNK1D,1,TP53
PRKAB1,-1,RPTOR
BLK,1,CD79A_CD79B_P0DOX6_P0DOX7
CSNK2A1,-1,SLBP
PAK2,1,SYK
FYN,-1,GRB10
PLK1,1,BIRC5
FGF1,1,FGFR4
ITGB4,1,PIK3CA
ETS1,-1,GFI1
GFI1,-1,ETS1
MYO10,1,DCC
NLGN2,1,NRXN1
CSNK1D,-1,LEF1
GSK3B,-1,HNRNPD
SGK1,-1,NCSTN
PPP2CA,-1,EIF4E
A2M,-1,MMP2
MMP2,-1,A2M
DCC,1,MYO10
MAPK9,1,BAZ1B
TRIP11,1,THRB
BRSK1,-1,CDC25C
PRKCD,-1,GSK3A
GSK3B,-1,SMAD4
MYO1E,1,PTK2
CSF2RA_CSF2RB,1,PIK3CA_PIK3R1
CDK1,-1,NPM1
GSK3B,-1,PSEN1
MAPKAPK5,1,DNAJB1
LCK,1,SHC1
PRKG1,1,FHOD1
E2F5,1,CREBBP_EP300
BCL3,1,HDAC3
GRK2,-1,ADRA2A
RET,1,PTK2
AKT1,1,FBXW7
DUSP5,-1,MAPK14
AKT2,1,CHUK_IKBKB_IKBKG
HIPK2,-1,HDAC3
MAPK1,1,GLI1
PRKCZ,-1,CTNNB1
PRKDC,1,XRCC6
APBB1,1,TSHZ3
FLI1,1,GATA1
BTRC_CUL1_SKP1,-1,TIAM1
CGA,1,TSHR
MAPK8,1,FOS_JUN
PRKCG,1,ARHGEF7
BRD4,-1,MYC
ACP1,-1,AKT1
PTPN1,1,SRC
ASXL1,1,AEBP2_EED_EZH2_RBBP4_SUZ12
MYCBP2,-1,TSC1_TSC2
MTOR,-1,PRKN
ZMIZ1,1,AR
ATM,1,TTC5
CHN2,-1,RAC1
PLK1,1,ARHGDIA
CRTC3,1,BCL3
CSNK1D,-1,PER1
AKT1,-1,CABLES1
CDK2,1,CCNO
APH1A_NCSTN_PSEN1_PSENEN,1,NOTCH3
PRKACA,1,PARP1
HTR2A,1,GNAZ
MAPK1,1,CDKN1B
MAPK3,1,CAPN2
CCNE2_CDK2,1,PARP10
CCNB1_CDK1,1,YAP1
ROCK1,-1,ARHGAP35
SPART,1,ITCH
ITCH,1,SPART
CSNK2A1,-1,PTEN
SLA,-1,EPHA2
CSNK2A1,-1,JUN
PRKAA1,-1,DDIT3
MAPK1,1,KHDRBS1
EPN1,-1,EGFR
AKT1,-1,ADRB2
PRKG1,-1,HSPB1
FZD3,1,CXCL1
BMPR1A_BMPR1B_BMPR2,1,SMAD1
FGFR3,-1,CILK1
CCAR2,-1,HDAC3
SRC,-1,CDKN1B
SP1,1,ITGA11
PRKCD,-1,IRS1
CSNK1E,1,APC
WDR62,1,CDK2
RIPK1,1,TRAF6
CSK,-1,ITCH
MAP2K2,-1,CASP9
PRKDC,-1,PPARGC1A
PAK4,1,CTNNB1
TLN1,1,ITGB5
CHEK1,-1,SYK
CSK,-1,LYN
PIM1,-1,FZR1
IKBKB,-1,IRS1
F2RL1,1,GNAZ
PIK3C3,1,PTEN
FZD7,1,DVL1
PRKAA1_PRKAA2_PRKAB1_PRKAB2_PRKAG1_PRKAG2_PRKAG3,1,FOXO3
CUL1_RBX1_SKP1,-1,EP300
WNT1,1,FZD3
PPP2CA,1,HDAC4
PTPRJ,1,SRC
BDKRB2,1,GNA12
MAPK1,1,ASB2
AKT2,-1,GSK3B
PRKACA,-1,GFAP
GSK3B,1,ESR1
CALM2,1,GEM
FCRL3,1,PTPN6
RIPK1,1,TAB3
CDK2,1,RNF138
AURKA,-1,PIN1
PRKACA,-1,ARHGEF6
DRD2,1,GNAI1
PRKAA1,1,HIPK2
CDK2,1,RNF4
CCNB1_CDK1,1,USP9X
HTR1B,1,GNAZ
PDGFRB,1,GRB2
IRAK1,1,PELI3
PELI3,1,IRAK1
STK11,1,PRKAA2
CSNK1A1,-1,FOXO6
XIAP,1,RIPK4
PRKCA,1,IQGAP1
PRKAA1,-1,RPTOR
CCND1_CDK6,-1,CTNNB1
PRKACA,1,SGK1
AKT1,1,PEA15
JAK2,-1,MAP3K5
GRM5,1,GNAS
CDK2,-1,SIRT2
CASP3,1,STK4
CDK2,1,MYBL2
CSNK1E,1,DVL2
MAPK1,1,METTL3
CUL1_RBX1_SKP1,-1,EID1
PTEN,1,RAB7A
VEGFA,1,FLT1
IGF1R,1,PCNA
RBM38,1,CDKN1A
CDK5,1,FOXC2
MPG,-1,STK36
CHEK1,-1,NEK6
MAPK10,-1,NFATC1
CSNK2A1,1,DAXX
ITGB1,1,KCNH2
KCNH2,1,ITGB1
PLK1,-1,STK38
AAK1,1,NUMB
SMO,1,GNB1
CSNK2A1,1,RELA
PDPK1,1,MAP2K1
GRK2,-1,MAPK14
CDC20,1,ANAPC1_ANAPC10_ANAPC11_ANAPC13_ANAPC2_ANAPC4_ANAPC5_ANAPC7_CDC16_CDC23_CDC26_CDC27
PRKAA1_PRKAA2_PRKAB1_PRKAB2_PRKAG1_PRKAG2_PRKAG3,1,HAT1
CCNB1_CDK1,1,CDC25C
MAPKAPK2,1,CASP3
SRC,1,PRKD1
BTRC_CUL1_SKP1,-1,CDKN1B
CCNB1_CDK1,-1,USP24
CHUK_IKBKB_IKBKG,1,NFKB1_RELA
TNPO1,1,FUS
ATR,1,CDC25C
WNT2,1,LRP5
KIT,1,PIK3CA_PIK3R1
CDK2,1,ESR1
PRKG1,-1,SF1
AKT2,-1,CDKN1B
DOK1,-1,ITGB4
ZDHHC5,-1,EZH2
PIK3CB,-1,GSK3B
MAPK8,1,PXN
PPP2CA,-1,PAK1
EGFR,1,TRIP13
PBK,1,HDAC1
PDPK1,1,IKBKB
CSNK2A1,1,RNF7
RIPK2,1,MAPK1
MAPK3,-1,CEBPA
AXL,1,EGFR
CUL1_RBX1_SKP1,-1,CCND3
CDK5,1,CDK16
PRKCA,1,SHC1
CDH3,1,CTNNB1
AKT1,-1,CTBP1
MAPK7,1,PTK2
GSK3B,-1,AR
CDK16,-1,TP53
MAP3K7,1,SMAD1
ATM,1,XRCC6
PTPN11,-1,PTK2
CHUK,1,MECP2
EPHA4,1,GHR
PRKAA1_PRKAA2_PRKAB1_PRKAB2_PRKAG1_PRKAG2_PRKAG3,1,FH
LATS2,-1,CDKN1A
SRC,1,SIAH2
IGF1R,1,PTK2
AURKA,1,EGFR
CAMK4,1,NOTCH1
CDK1,-1,DIAPH1
ABL1,-1,CDKN1B
CAMKK2,1,PRKAA1_PRKAA2_PRKAB1_PRKAB2_PRKAG1_PRKAG2_PRKAG3
RAD50,1,BRCA1
MAP3K14,1,MMP14
SRC,1,RUNX1
SRC,1,TLR3
ABL1,1,MAVS
PLCG2,1,CDKN1A
PRKCB,1,GSTP1
PPP2CA,-1,PRKCB
FYN,1,PTPN6
GSK3B,-1,JUNB
SRC,1,DAB1
EIF2AK3,1,OGT
RIPK4,1,DVL2
TLX1,-1,RB1
MMP2,1,TGFB1
PRKAA1_PRKAA2_PRKAB1_PRKAB2_PRKAG1_PRKAG2_PRKAG3,1,ARMC10
PRKACA,-1,CAPN2
PRKD1,1,KAT7
FBXW7,-1,PSEN1
ITGB1BP1,-1,ITGA6_ITGB4
CSNK1D,-1,YAP1
CUL1_FBXW7_SKP1,-1,SMARCA4
MAPK3,-1,BAD
BRCA1,-1,CDC25C
PPP1CA,1,CASP9
PKD1,1,SIAH1
ARHGAP35,-1,RAC1
JAK3,1,CTNNB1
PTPRC,1,FYN
TYRO3,1,CBLB
KIT,1,CTNNB1
BMPR1B,1,SMAD9
CCND1_CDK4,-1,MEF2C
LYN,1,DOK3
SYK,1,FLT3
CDK2,1,ATRIP
PDPK1,1,PKN1
CSNK2A1,1,AKT1
MTOR,-1,DEPTOR
E4F1,1,TP53
WEE1,-1,CDK2
CALM2,1,PPP3CB
MAP3K3,1,RCAN1
UBE3A,-1,TP53
GSK3B,-1,SPI1
RAP1GAP,-1,GNAZ
CCNE2_CDK2,1,USP37
CSNK2B,-1,ATF4
GSK3B,-1,GRB14
MAP3K7,1,CHUK_IKBKB_IKBKG
HUWE1,-1,MYCN
SKP1,1,CUL1
SH3RF1,-1,HGS
BIRC2,-1,EIF4E
DEPTOR_EEF1A1_MLST8_MTOR_PRR5_RICTOR,-1,AMOTL2
PDPK1,1,PKN2
PPP3CA,1,BAD
CASP3,1,GRIPAP1
ACP1,-1,PDGFRB
GRIN1_GRIN2C,1,CTTN
RPS6KA2,-1,NFKBIA
FGFR1,1,PDK1
CDK4,-1,PRDX1
NTRK1,1,SHC3
PHLPP1,-1,RAF1
NCOR1,1,BCL6
ARHGEF4,1,CDC42
GREB1,-1,SMAD2
ERBB3,1,GRB2
SMAD3,-1,FOXA1
PTPN1,-1,ABL1
WNT11,1,FZD6
PAK2,-1,PREX2
STUB1,-1,LRRK2
AKT1,1,BMI1
MC4R,1,GNAQ
SMURF1,-1,SMAD1
CDK1,-1,MCL1
PRKACA,1,AKAP12
MAPK14,1,ESR1
PPP1CA,1,PREX1
GRK2,-1,BDKRB2
CSNK1A1,-1,CBX4
CARD9,1,BCL10
INSR,-1,CALM1
CEP68,1,CDK5RAP2
SMURF1,-1,NFIC
PPP1CB,-1,AKT1
KAT2B,1,MEF2C
PRKCA,-1,CREBBP
THBS1,1,NGF
MAPK3,1,PML
IKBKB,-1,TARDBP
SIK1,-1,CRTC2
PLK1,1,TNKS
PLK1,-1,IRS1
SRC,-1,GRB10
SH2B3,-1,JAK2
CSNK1D,1,CDK5
MAPK8IP2,1,MAPK8IP1
BMPR1A,1,SMAD9
MAPK3,-1,ERBB4
F2,1,F2R
ERC1,1,CHUK_IKBKB_IKBKG
CSNK2A1,-1,NFKBIA
PRKAA1,1,TET2
MAPK3,1,AKT1S1_DEPTOR_MLST8_MTOR_RPTOR
GPSM3,-1,GNAI1
PRKAA1_PRKAA2_PRKAB1_PRKAB2_PRKAG1_PRKAG2_PRKAG3,-1,SIRT7
CDKN2A,-1,CCND1_CDK4
CDK1,1,SIRT1
YWHAG,1,GEM
CDK4,1,FOXO1
DUSP3,-1,MAPK3
CAMK1,1,ATF1
PINK1,1,UBC
ACAT1,-1,PDP1
PAK1,1,ILK
PPP1CA,1,YAP1
LCK,-1,NFKBIA
CSK,1,NOTCH1
CSNK1E,1,TRAF3
PSENEN,1,PSEN1
KAT5,-1,NOTCH1
JAK2,1,GAB2
AKT1,1,TMIGD2
PRKCD,-1,CTNNB1
RET,-1,ATF4
VCP,-1,RIGI
CSNK1E,1,APC_AXIN1_GSK3B
ATM,1,SMURF2
PPP2CB,1,MDM2
HRAS,1,PIK3CA
CDK5,-1,PPP1CA
KDM5B,1,CBX4
MAP3K1,1,STAT3
FGFR3,-1,TET2
CSNK1A1,1,FOXG1
CASP1,1,PSEN1
TGFBR2,1,USP2
CDK9,-1,SMAD3
GRIN1_GRIN2B,1,CAMK2A
FYN,1,CD79A_CD79B_P0DOX3_P0DOX8
PAK2,1,JUN
HMGB1,1,TLR4
HDAC2,1,ZNF318
DAB2IP,-1,JAK2
MAP3K1,1,MAP2K6
FLT4,-1,RPS6KA3
SRC,1,GRB2
PLK1,1,YY1
CSNK2A1,1,MEF2C
PRKCB,-1,HABP4
PINK1,1,HTRA2
FGA,1,ITGAX
INSR,-1,PTEN
EDNRA,1,GNAL
GSK3A,-1,CD274
PPP3CC,-1,FLNA
COPS5,1,CD274
KMT2A,1,SPI1
PRKCA,1,ARHGEF1
MAPK3,-1,GSK3B
NRBF2,-1,PIK3R4
SGK1,-1,NEDD4L
CDH1,1,ANAPC1_ANAPC10_ANAPC11_ANAPC13_ANAPC2_ANAPC4_ANAPC5_ANAPC7_CDC16_CDC23_CDC26_CDC27
VAV2,1,RHOA
GNAI1,1,RAC1
MAPK3,1,MCL1
INPP5D,-1,TRAF6
GNAL,1,ADCY5
GSK3B,1,PPP1R2
SRC,1,CTNNB1
ANXA1,1,FPR1
FCRL3,1,ZAP70
PRKAA2,1,CHUK_IKBKB_IKBKG
YES1,-1,YY1
CDK2,1,NR3C1
PPP1CA,1,CDC25C
SIRT7,1,H3C13
FER,1,PRKCD
CCND1_CDK4,-1,RASSF1
PPP2CA,-1,RACGAP1
GADD45A,-1,CDK11A
HTR4,1,GNAZ
MAPK1,-1,FGFR1
PRKDC,1,AKT1
RALGDS,1,RIT1
PFN1,1,CDH4
GSK3B,-1,PGR
ATG4B,1,MAP1LC3C
ATM,-1,TP63
PRKCB,1,GRM5
CSNK2A1,1,MDC1
ATR,1,KMT2A
PTP4A3,-1,PTEN
CDK1,1,WAC
METTL3,1,USP13
CLK2,-1,PPARGC1A
TP53INP1,1,MAP1LC3B
PRKAA2,-1,HIPK2
STIP1,-1,HSP90AB1
LYN,-1,YY1
PRKCD,1,PPP1R14B
BAD,1,TP53
HTR7,1,GNAI3
SNTA1,1,NOS1
MAPK1,-1,NR3C2
MAPK9,-1,SFN
STUB1,-1,CBX4
MAP3K7,-1,NFKBIB
SRC,1,YAP1
HIPK2,1,CDKN1B
MAPK1,-1,LIN28A
PRKG1,1,GTF2I
RAB1A,1,ATG13_RB1CC1_ULK1
MAPK8,1,PIN1
PPP1R9B,1,ARHGEF2
WNK1,1,STK39
NUAK1,-1,CASP6
SARM1,-1,TICAM1
ARHGEF11,1,RHOA
CCNA2_CDK2,1,USP37
KHDRBS1,1,NRXN1
CDK2,1,CDC25C
CCNB1_CDK1,1,SP1
PRKCD,-1,LIMK2
PRRX1,1,SRF
FBXW7,1,CUL1_RBX1_SKP1
DAPK3,1,MDM2
RPS6KA1,-1,CDC25A
AKT1,-1,PPARGC1A
ULK1,1,YAP1
SRC,-1,PRKAA2
PIM1,1,YWHAZ
ROR1,1,SRC
AKT1,1,HSF1
PTPRR,-1,STAT3
LYN,-1,CASP8
CDK7,1,CDK11B
KAT2A,-1,H3-4
CUL1_RBX1_SKP1,-1,MSX2
PAK4,-1,NFE2L2
RPS6KA5,-1,EIF4EBP1
MAPK8,-1,LAT
MAPK3,1,HDAC6
MAPK3,1,DEPTOR
G3BP2,-1,MDM2
PRKCD,1,PTPRA
SRC,1,AREG
CSNK2A1,-1,DDIT3
RPS6KB1,-1,HSPB1
G3BP1,1,EIF2AK2
FZD1,1,DVL3
PLK1,1,RACGAP1
CILK1,1,RPTOR
PABPC1,1,EIF4E
IKBKE,-1,FAF1
SPART,1,WWP1
GSK3B,1,RXRA
DDR1,1,TM4SF1
FNTA,1,KRAS
CUL1_RBX1_SKP1,-1,EIF3F
AKT1,1,CARD11
NRCAM,1,ANK3
DAPK1,-1,PELI1
ADRB1,1,GNAS
RPS6KA1,-1,DEPTOR
PIAS1,-1,FHL1
LATS2,1,AMOT
FZR1,1,ANAPC1_ANAPC10_ANAPC11_ANAPC13_ANAPC2_ANAPC4_ANAPC5_ANAPC7_CDC16_CDC23_CDC26_CDC27
ATM,1,CHEK1
MAPK1,-1,PAX5
ESR1,1,PIK3R2
CAMK4,-1,HDAC5
PRKCD,1,TP73
CEP192,1,AURKA
AKT1,1,LARP6
MAPK3,-1,TOB1
SMURF1,-1,RUNX2
NUAK2,-1,LATS1
OPRD1,1,GNAI1
PRKACA,-1,PRKAA1_PRKAA2_PRKAB1_PRKAB2_PRKAG1_PRKAG2_PRKAG3
NR3C1,1,HDAC1
ITGB1BP1,-1,ITGB4
LYN,1,GCSAM
GNA13,1,ARHGEF12
CUL1_RBX1_SKP1,-1,FBXL7
FBXL7,1,CUL1_RBX1_SKP1
BCAR1,-1,SMAD3
PLK1,-1,IKBKB
SRC,-1,PPP2CA
MAPK3,1,SMAD4
CHEK1,-1,MDM4
PRKCB,-1,GSK3A
STK11,1,TP53
ID1,1,AKT1
PRKCA,1,PTPN11
PRKCD,-1,ADRB2
LCK,1,PRKCD
CCP110,1,CALM3
AKT3,-1,CASP9
CASP3,-1,PTCH1
CDK3,1,ESR1
CEP68,1,PCNT
CREBBP_EP300,1,RELA
RELA,1,CREBBP_EP300
CALM3,1,PPP3CA_PPP3R1
AKT1,1,ITCH
MAPK1,1,EP300
CDK5,1,AR
ERBB4,1,SHC3
CCNB1_CDK1,1,FOXM1
UBE2I,-1,CEBPA
MAPK14,1,NR3C1
TLN1,1,ITGA2B_ITGB3
NUMB,-1,MDM2
MDM2,-1,NUMB
LRRK2,1,AKT1
MAPK1,1,CSNK2A1
PRRX1,-1,MAF
CDK1,1,RANGAP1
PTK7,-1,CTNNB1
SPOP,-1,GLI2
MAPK13,-1,PRKD1
AKT3,1,CHUK_IKBKB_IKBKG
DOK1,-1,ITGB7
UBE2I,-1,JUN
FBXW7,-1,EGLN2
PGAM5,1,MAP3K5
CUL1_RBX1_SKP1,-1,BTRC
BTRC,1,CUL1_RBX1_SKP1
HIPK2,1,PAX6
PTEN,-1,NR5A1
FGF2,1,FGFR4
AKT2,-1,STXBP4
CSNK2A1,-1,HOXB7
PPP2CA,1,RAF1
PAK1,-1,BCL6
JAK2,1,ARHGEF1
FYN,1,ACP1
CUL1_FBXW7_SKP1,-1,NCOA3
CHEK1,1,ASF1A
HTR7,1,GNAO1
SMURF1,-1,TGFBR2
PRKCA,1,CDKN2D
SRC,-1,CHN2
CCNA2_CDK2,-1,RB1
AKT1,-1,YAP1
PLK1,-1,SUN1
UBE2S,1,ANAPC1_ANAPC10_ANAPC11_ANAPC13_ANAPC2_ANAPC4_ANAPC5_ANAPC7_CDC16_CDC23_CDC26_CDC27
CCNE2_CDK2,-1,NPM1
DLG3,1,GRIN1_GRIN2A
NRBF2,-1,PIK3C3
PELI3,-1,TRAF6
CAPN3,1,GSK3A
PPP1R9B,1,SPATA13
SMAD3,-1,PAX6
CD19,1,PIK3R1
PRKCE,1,MIIP
CUL1_FBXW7_SKP1,-1,MYC
BRD2,1,TP53BP1
PRKCA,-1,UNC5A
PIN1,1,IRS1
PRKCB,1,SDC2
NFKB1_RELA,1,CCND1
CASP1,1,SPHK2
PRKCZ,-1,HABP4
EP300,1,KPNA2
MAPK1,-1,IRS1
MAPKAPK2,-1,YWHAZ
ABL1,1,IRF3
LYN,1,PTGS2
NFKBIA,-1,NFKB1_RELA
CDK2,-1,MYOD1
CDK2,-1,CDH1
PRKAA1,1,ALDH2
MARK1,-1,TNK1
PRKCZ,-1,YAP1
PAK3,1,RAF1
DYRK2,-1,CDC25A
CDK2,-1,PRDX1
PSTPIP1,1,PTPN18
CCT2_CCT3_CCT4_CCT5_CCT6A_CCT7_CCT8_TCP1,1,CDC20
CHRM2,1,GNAI1
TAOK3,1,STK4
PPP1CA,1,NR3C1
PRKCZ,1,GSTP1
SAFB,1,FUS
ARHGAP8,-1,RHOA
PPM1D,-1,KDM1A
GNAQ,1,ARHGEF28
MAPK14,-1,BCL2
ARAP1,-1,CDC42
ADRM1_PSMA1_PSMA2_PSMA3_PSMA4_PSMA5_PSMA6_PSMA7_PSMB1_PSMB2_PSMB3_PSMB4_PSMB5_PSMB6_PSMB7_PSMC1_PSMC2_PSMC3_PSMC4_PSMC5_PSMC6_PSMD1_PSMD11_PSMD12_PSMD13_PSMD14_PSMD2_PSMD3_PSMD4_PSMD6_PSMD7_PSMD8_SEM1,-1,P0DTC2_RPS27A
PRKAA1,1,KPNA2
ADRM1_PSMA1_PSMA2_PSMA3_PSMA4_PSMA5_PSMA6_PSMA7_PSMB1_PSMB2_PSMB3_PSMB4_PSMB5_PSMB6_PSMB7_PSMC1_PSMC2_PSMC3_PSMC4_PSMC5_PSMC6_PSMD1_PSMD11_PSMD12_PSMD13_PSMD14_PSMD2_PSMD3_PSMD4_PSMD6_PSMD7_PSMD8_SEM1,-1,P59634_UBA52
P59634_UBA52,1,ADRM1_PSMA1_PSMA2_PSMA3_PSMA4_PSMA5_PSMA6_PSMA7_PSMB1_PSMB2_PSMB3_PSMB4_PSMB5_PSMB6_PSMB7_PSMC1_PSMC2_PSMC3_PSMC4_PSMC5_PSMC6_PSMD1_PSMD11_PSMD12_PSMD13_PSMD14_PSMD2_PSMD3_PSMD4_PSMD6_PSMD7_PSMD8_SEM1
ADRM1_PSMA1_PSMA2_PSMA3_PSMA4_PSMA5_PSMA6_PSMA7_PSMB1_PSMB2_PSMB3_PSMB4_PSMB5_PSMB6_PSMB7_PSMC1_PSMC2_PSMC3_PSMC4_PSMC5_PSMC6_PSMD1_PSMD11_PSMD12_PSMD13_PSMD14_PSMD2_PSMD3_PSMD4_PSMD6_PSMD7_PSMD8_SEM1,-1,P03231_UBB
P03231_UBB,1,ADRM1_PSMA1_PSMA2_PSMA3_PSMA4_PSMA5_PSMA6_PSMA7_PSMB1_PSMB2_PSMB3_PSMB4_PSMB5_PSMB6_PSMB7_PSMC1_PSMC2_PSMC3_PSMC4_PSMC5_PSMC6_PSMD1_PSMD11_PSMD12_PSMD13_PSMD14_PSMD2_PSMD3_PSMD4_PSMD6_PSMD7_PSMD8_SEM1
P0DTC2_RPS27A,1,ADRM1_PSMA1_PSMA2_PSMA3_PSMA4_PSMA5_PSMA6_PSMA7_PSMB1_PSMB2_PSMB3_PSMB4_PSMB5_PSMB6_PSMB7_PSMC1_PSMC2_PSMC3_PSMC4_PSMC5_PSMC6_PSMD1_PSMD11_PSMD12_PSMD13_PSMD14_PSMD2_PSMD3_PSMD4_PSMD6_PSMD7_PSMD8_SEM1
ADRM1_PSMA1_PSMA2_PSMA3_PSMA4_PSMA5_PSMA6_PSMA7_PSMB1_PSMB2_PSMB3_PSMB4_PSMB5_PSMB6_PSMB7_PSMC1_PSMC2_PSMC3_PSMC4_PSMC5_PSMC6_PSMD1_PSMD11_PSMD12_PSMD13_PSMD14_PSMD2_PSMD3_PSMD4_PSMD6_PSMD7_PSMD8_SEM1,-1,P59633_UBB
P59633_UBB,1,ADRM1_PSMA1_PSMA2_PSMA3_PSMA4_PSMA5_PSMA6_PSMA7_PSMB1_PSMB2_PSMB3_PSMB4_PSMB5_PSMB6_PSMB7_PSMC1_PSMC2_PSMC3_PSMC4_PSMC5_PSMC6_PSMD1_PSMD11_PSMD12_PSMD13_PSMD14_PSMD2_PSMD3_PSMD4_PSMD6_PSMD7_PSMD8_SEM1
ADRM1_PSMA1_PSMA2_PSMA3_PSMA4_PSMA5_PSMA6_PSMA7_PSMB1_PSMB2_PSMB3_PSMB4_PSMB5_PSMB6_PSMB7_PSMC1_PSMC2_PSMC3_PSMC4_PSMC5_PSMC6_PSMD1_PSMD11_PSMD12_PSMD13_PSMD14_PSMD2_PSMD3_PSMD4_PSMD6_PSMD7_PSMD8_SEM1,-1,P03209_UBA52
P03209_UBA52,1,ADRM1_PSMA1_PSMA2_PSMA3_PSMA4_PSMA5_PSMA6_PSMA7_PSMB1_PSMB2_PSMB3_PSMB4_PSMB5_PSMB6_PSMB7_PSMC1_PSMC2_PSMC3_PSMC4_PSMC5_PSMC6_PSMD1_PSMD11_PSMD12_PSMD13_PSMD14_PSMD2_PSMD3_PSMD4_PSMD6_PSMD7_PSMD8_SEM1
ADRM1_PSMA1_PSMA2_PSMA3_PSMA4_PSMA5_PSMA6_PSMA7_PSMB1_PSMB2_PSMB3_PSMB4_PSMB5_PSMB6_PSMB7_PSMC1_PSMC2_PSMC3_PSMC4_PSMC5_PSMC6_PSMD1_PSMD11_PSMD12_PSMD13_PSMD14_PSMD2_PSMD3_PSMD4_PSMD6_PSMD7_PSMD8_SEM1,-1,P0DTC2_UBC
P0DTC2_UBC,1,ADRM1_PSMA1_PSMA2_PSMA3_PSMA4_PSMA5_PSMA6_PSMA7_PSMB1_PSMB2_PSMB3_PSMB4_PSMB5_PSMB6_PSMB7_PSMC1_PSMC2_PSMC3_PSMC4_PSMC5_PSMC6_PSMD1_PSMD11_PSMD12_PSMD13_PSMD14_PSMD2_PSMD3_PSMD4_PSMD6_PSMD7_PSMD8_SEM1
ADRM1_PSMA1_PSMA2_PSMA3_PSMA4_PSMA5_PSMA6_PSMA7_PSMB1_PSMB2_PSMB3_PSMB4_PSMB5_PSMB6_PSMB7_PSMC1_PSMC2_PSMC3_PSMC4_PSMC5_PSMC6_PSMD1_PSMD11_PSMD12_PSMD13_PSMD14_PSMD2_PSMD3_PSMD4_PSMD6_PSMD7_PSMD8_SEM1,-1,P59594_RPS27A
P59594_RPS27A,1,ADRM1_PSMA1_PSMA2_PSMA3_PSMA4_PSMA5_PSMA6_PSMA7_PSMB1_PSMB2_PSMB3_PSMB4_PSMB5_PSMB6_PSMB7_PSMC1_PSMC2_PSMC3_PSMC4_PSMC5_PSMC6_PSMD1_PSMD11_PSMD12_PSMD13_PSMD14_PSMD2_PSMD3_PSMD4_PSMD6_PSMD7_PSMD8_SEM1
ADRM1_PSMA1_PSMA2_PSMA3_PSMA4_PSMA5_PSMA6_PSMA7_PSMB1_PSMB2_PSMB3_PSMB4_PSMB5_PSMB6_PSMB7_PSMC1_PSMC2_PSMC3_PSMC4_PSMC5_PSMC6_PSMD1_PSMD11_PSMD12_PSMD13_PSMD14_PSMD2_PSMD3_PSMD4_PSMD6_PSMD7_PSMD8_SEM1,-1,P0DTC2_UBB
P0DTC2_UBB,1,ADRM1_PSMA1_PSMA2_PSMA3_PSMA4_PSMA5_PSMA6_PSMA7_PSMB1_PSMB2_PSMB3_PSMB4_PSMB5_PSMB6_PSMB7_PSMC1_PSMC2_PSMC3_PSMC4_PSMC5_PSMC6_PSMD1_PSMD11_PSMD12_PSMD13_PSMD14_PSMD2_PSMD3_PSMD4_PSMD6_PSMD7_PSMD8_SEM1
ADRM1_PSMA1_PSMA2_PSMA3_PSMA4_PSMA5_PSMA6_PSMA7_PSMB1_PSMB2_PSMB3_PSMB4_PSMB5_PSMB6_PSMB7_PSMC1_PSMC2_PSMC3_PSMC4_PSMC5_PSMC6_PSMD1_PSMD11_PSMD12_PSMD13_PSMD14_PSMD2_PSMD3_PSMD4_PSMD6_PSMD7_PSMD8_SEM1,-1,P03186_UBB
P03186_UBB,1,ADRM1_PSMA1_PSMA2_PSMA3_PSMA4_PSMA5_PSMA6_PSMA7_PSMB1_PSMB2_PSMB3_PSMB4_PSMB5_PSMB6_PSMB7_PSMC1_PSMC2_PSMC3_PSMC4_PSMC5_PSMC6_PSMD1_PSMD11_PSMD12_PSMD13_PSMD14_PSMD2_PSMD3_PSMD4_PSMD6_PSMD7_PSMD8_SEM1
ADRM1_PSMA1_PSMA2_PSMA3_PSMA4_PSMA5_PSMA6_PSMA7_PSMB1_PSMB2_PSMB3_PSMB4_PSMB5_PSMB6_PSMB7_PSMC1_PSMC2_PSMC3_PSMC4_PSMC5_PSMC6_PSMD1_PSMD11_PSMD12_PSMD13_PSMD14_PSMD2_PSMD3_PSMD4_PSMD6_PSMD7_PSMD8_SEM1,-1,P03217_RPS27A
P03217_RPS27A,1,ADRM1_PSMA1_PSMA2_PSMA3_PSMA4_PSMA5_PSMA6_PSMA7_PSMB1_PSMB2_PSMB3_PSMB4_PSMB5_PSMB6_PSMB7_PSMC1_PSMC2_PSMC3_PSMC4_PSMC5_PSMC6_PSMD1_PSMD11_PSMD12_PSMD13_PSMD14_PSMD2_PSMD3_PSMD4_PSMD6_PSMD7_PSMD8_SEM1
ADRM1_PSMA1_PSMA2_PSMA3_PSMA4_PSMA5_PSMA6_PSMA7_PSMB1_PSMB2_PSMB3_PSMB4_PSMB5_PSMB6_PSMB7_PSMC1_PSMC2_PSMC3_PSMC4_PSMC5_PSMC6_PSMD1_PSMD11_PSMD12_PSMD13_PSMD14_PSMD2_PSMD3_PSMD4_PSMD6_PSMD7_PSMD8_SEM1,-1,P03200_UBB
P03200_UBB,1,ADRM1_PSMA1_PSMA2_PSMA3_PSMA4_PSMA5_PSMA6_PSMA7_PSMB1_PSMB2_PSMB3_PSMB4_PSMB5_PSMB6_PSMB7_PSMC1_PSMC2_PSMC3_PSMC4_PSMC5_PSMC6_PSMD1_PSMD11_PSMD12_PSMD13_PSMD14_PSMD2_PSMD3_PSMD4_PSMD6_PSMD7_PSMD8_SEM1
ADRM1_PSMA1_PSMA2_PSMA3_PSMA4_PSMA5_PSMA6_PSMA7_PSMB1_PSMB2_PSMB3_PSMB4_PSMB5_PSMB6_PSMB7_PSMC1_PSMC2_PSMC3_PSMC4_PSMC5_PSMC6_PSMD1_PSMD11_PSMD12_PSMD13_PSMD14_PSMD2_PSMD3_PSMD4_PSMD6_PSMD7_PSMD8_SEM1,-1,P13288_UBC
P13288_UBC,1,ADRM1_PSMA1_PSMA2_PSMA3_PSMA4_PSMA5_PSMA6_PSMA7_PSMB1_PSMB2_PSMB3_PSMB4_PSMB5_PSMB6_PSMB7_PSMC1_PSMC2_PSMC3_PSMC4_PSMC5_PSMC6_PSMD1_PSMD11_PSMD12_PSMD13_PSMD14_PSMD2_PSMD3_PSMD4_PSMD6_PSMD7_PSMD8_SEM1
ADRM1_PSMA1_PSMA2_PSMA3_PSMA4_PSMA5_PSMA6_PSMA7_PSMB1_PSMB2_PSMB3_PSMB4_PSMB5_PSMB6_PSMB7_PSMC1_PSMC2_PSMC3_PSMC4_PSMC5_PSMC6_PSMD1_PSMD11_PSMD12_PSMD13_PSMD14_PSMD2_PSMD3_PSMD4_PSMD6_PSMD7_PSMD8_SEM1,-1,P59595_UBC
P59595_UBC,1,ADRM1_PSMA1_PSMA2_PSMA3_PSMA4_PSMA5_PSMA6_PSMA7_PSMB1_PSMB2_PSMB3_PSMB4_PSMB5_PSMB6_PSMB7_PSMC1_PSMC2_PSMC3_PSMC4_PSMC5_PSMC6_PSMD1_PSMD11_PSMD12_PSMD13_PSMD14_PSMD2_PSMD3_PSMD4_PSMD6_PSMD7_PSMD8_SEM1
ADRM1_PSMA1_PSMA2_PSMA3_PSMA4_PSMA5_PSMA6_PSMA7_PSMB1_PSMB2_PSMB3_PSMB4_PSMB5_PSMB6_PSMB7_PSMC1_PSMC2_PSMC3_PSMC4_PSMC5_PSMC6_PSMD1_PSMD11_PSMD12_PSMD13_PSMD14_PSMD2_PSMD3_PSMD4_PSMD6_PSMD7_PSMD8_SEM1,-1,P0DTC2_UBA52
P0DTC2_UBA52,1,ADRM1_PSMA1_PSMA2_PSMA3_PSMA4_PSMA5_PSMA6_PSMA7_PSMB1_PSMB2_PSMB3_PSMB4_PSMB5_PSMB6_PSMB7_PSMC1_PSMC2_PSMC3_PSMC4_PSMC5_PSMC6_PSMD1_PSMD11_PSMD12_PSMD13_PSMD14_PSMD2_PSMD3_PSMD4_PSMD6_PSMD7_PSMD8_SEM1
ADRM1_PSMA1_PSMA2_PSMA3_PSMA4_PSMA5_PSMA6_PSMA7_PSMB1_PSMB2_PSMB3_PSMB4_PSMB5_PSMB6_PSMB7_PSMC1_PSMC2_PSMC3_PSMC4_PSMC5_PSMC6_PSMD1_PSMD11_PSMD12_PSMD13_PSMD14_PSMD2_PSMD3_PSMD4_PSMD6_PSMD7_PSMD8_SEM1,-1,Q80H93_RPS27A
Q80H93_RPS27A,1,ADRM1_PSMA1_PSMA2_PSMA3_PSMA4_PSMA5_PSMA6_PSMA7_PSMB1_PSMB2_PSMB3_PSMB4_PSMB5_PSMB6_PSMB7_PSMC1_PSMC2_PSMC3_PSMC4_PSMC5_PSMC6_PSMD1_PSMD11_PSMD12_PSMD13_PSMD14_PSMD2_PSMD3_PSMD4_PSMD6_PSMD7_PSMD8_SEM1
ADRM1_PSMA1_PSMA2_PSMA3_PSMA4_PSMA5_PSMA6_PSMA7_PSMB1_PSMB2_PSMB3_PSMB4_PSMB5_PSMB6_PSMB7_PSMC1_PSMC2_PSMC3_PSMC4_PSMC5_PSMC6_PSMD1_PSMD11_PSMD12_PSMD13_PSMD14_PSMD2_PSMD3_PSMD4_PSMD6_PSMD7_PSMD8_SEM1,-1,P03205_UBA52
P03205_UBA52,1,ADRM1_PSMA1_PSMA2_PSMA3_PSMA4_PSMA5_PSMA6_PSMA7_PSMB1_PSMB2_PSMB3_PSMB4_PSMB5_PSMB6_PSMB7_PSMC1_PSMC2_PSMC3_PSMC4_PSMC5_PSMC6_PSMD1_PSMD11_PSMD12_PSMD13_PSMD14_PSMD2_PSMD3_PSMD4_PSMD6_PSMD7_PSMD8_SEM1
ADRM1_PSMA1_PSMA2_PSMA3_PSMA4_PSMA5_PSMA6_PSMA7_PSMB1_PSMB2_PSMB3_PSMB4_PSMB5_PSMB6_PSMB7_PSMC1_PSMC2_PSMC3_PSMC4_PSMC5_PSMC6_PSMD1_PSMD11_PSMD12_PSMD13_PSMD14_PSMD2_PSMD3_PSMD4_PSMD6_PSMD7_PSMD8_SEM1,-1,P03231_UBA52
P03231_UBA52,1,ADRM1_PSMA1_PSMA2_PSMA3_PSMA4_PSMA5_PSMA6_PSMA7_PSMB1_PSMB2_PSMB3_PSMB4_PSMB5_PSMB6_PSMB7_PSMC1_PSMC2_PSMC3_PSMC4_PSMC5_PSMC6_PSMD1_PSMD11_PSMD12_PSMD13_PSMD14_PSMD2_PSMD3_PSMD4_PSMD6_PSMD7_PSMD8_SEM1
ADRM1_PSMA1_PSMA2_PSMA3_PSMA4_PSMA5_PSMA6_PSMA7_PSMB1_PSMB2_PSMB3_PSMB4_PSMB5_PSMB6_PSMB7_PSMC1_PSMC2_PSMC3_PSMC4_PSMC5_PSMC6_PSMD1_PSMD11_PSMD12_PSMD13_PSMD14_PSMD2_PSMD3_PSMD4_PSMD6_PSMD7_PSMD8_SEM1,-1,P59595_UBB
P59595_UBB,1,ADRM1_PSMA1_PSMA2_PSMA3_PSMA4_PSMA5_PSMA6_PSMA7_PSMB1_PSMB2_PSMB3_PSMB4_PSMB5_PSMB6_PSMB7_PSMC1_PSMC2_PSMC3_PSMC4_PSMC5_PSMC6_PSMD1_PSMD11_PSMD12_PSMD13_PSMD14_PSMD2_PSMD3_PSMD4_PSMD6_PSMD7_PSMD8_SEM1
ADRM1_PSMA1_PSMA2_PSMA3_PSMA4_PSMA5_PSMA6_PSMA7_PSMB1_PSMB2_PSMB3_PSMB4_PSMB5_PSMB6_PSMB7_PSMC1_PSMC2_PSMC3_PSMC4_PSMC5_PSMC6_PSMD1_PSMD11_PSMD12_PSMD13_PSMD14_PSMD2_PSMD3_PSMD4_PSMD6_PSMD7_PSMD8_SEM1,-1,P03200_UBA52
P03200_UBA52,1,ADRM1_PSMA1_PSMA2_PSMA3_PSMA4_PSMA5_PSMA6_PSMA7_PSMB1_PSMB2_PSMB3_PSMB4_PSMB5_PSMB6_PSMB7_PSMC1_PSMC2_PSMC3_PSMC4_PSMC5_PSMC6_PSMD1_PSMD11_PSMD12_PSMD13_PSMD14_PSMD2_PSMD3_PSMD4_PSMD6_PSMD7_PSMD8_SEM1
ADRM1_PSMA1_PSMA2_PSMA3_PSMA4_PSMA5_PSMA6_PSMA7_PSMB1_PSMB2_PSMB3_PSMB4_PSMB5_PSMB6_PSMB7_PSMC1_PSMC2_PSMC3_PSMC4_PSMC5_PSMC6_PSMD1_PSMD11_PSMD12_PSMD13_PSMD14_PSMD2_PSMD3_PSMD4_PSMD6_PSMD7_PSMD8_SEM1,-1,P03205_RPS27A
P03205_RPS27A,1,ADRM1_PSMA1_PSMA2_PSMA3_PSMA4_PSMA5_PSMA6_PSMA7_PSMB1_PSMB2_PSMB3_PSMB4_PSMB5_PSMB6_PSMB7_PSMC1_PSMC2_PSMC3_PSMC4_PSMC5_PSMC6_PSMD1_PSMD11_PSMD12_PSMD13_PSMD14_PSMD2_PSMD3_PSMD4_PSMD6_PSMD7_PSMD8_SEM1
ADRM1_PSMA1_PSMA2_PSMA3_PSMA4_PSMA5_PSMA6_PSMA7_PSMB1_PSMB2_PSMB3_PSMB4_PSMB5_PSMB6_PSMB7_PSMC1_PSMC2_PSMC3_PSMC4_PSMC5_PSMC6_PSMD1_PSMD11_PSMD12_PSMD13_PSMD14_PSMD2_PSMD3_PSMD4_PSMD6_PSMD7_PSMD8_SEM1,-1,P03212_UBB
P03212_UBB,1,ADRM1_PSMA1_PSMA2_PSMA3_PSMA4_PSMA5_PSMA6_PSMA7_PSMB1_PSMB2_PSMB3_PSMB4_PSMB5_PSMB6_PSMB7_PSMC1_PSMC2_PSMC3_PSMC4_PSMC5_PSMC6_PSMD1_PSMD11_PSMD12_PSMD13_PSMD14_PSMD2_PSMD3_PSMD4_PSMD6_PSMD7_PSMD8_SEM1
ADRM1_PSMA1_PSMA2_PSMA3_PSMA4_PSMA5_PSMA6_PSMA7_PSMB1_PSMB2_PSMB3_PSMB4_PSMB5_PSMB6_PSMB7_PSMC1_PSMC2_PSMC3_PSMC4_PSMC5_PSMC6_PSMD1_PSMD11_PSMD12_PSMD13_PSMD14_PSMD2_PSMD3_PSMD4_PSMD6_PSMD7_PSMD8_SEM1,-1,P0C725_RPS27A
P0C725_RPS27A,1,ADRM1_PSMA1_PSMA2_PSMA3_PSMA4_PSMA5_PSMA6_PSMA7_PSMB1_PSMB2_PSMB3_PSMB4_PSMB5_PSMB6_PSMB7_PSMC1_PSMC2_PSMC3_PSMC4_PSMC5_PSMC6_PSMD1_PSMD11_PSMD12_PSMD13_PSMD14_PSMD2_PSMD3_PSMD4_PSMD6_PSMD7_PSMD8_SEM1
ADRM1_PSMA1_PSMA2_PSMA3_PSMA4_PSMA5_PSMA6_PSMA7_PSMB1_PSMB2_PSMB3_PSMB4_PSMB5_PSMB6_PSMB7_PSMC1_PSMC2_PSMC3_PSMC4_PSMC5_PSMC6_PSMD1_PSMD11_PSMD12_PSMD13_PSMD14_PSMD2_PSMD3_PSMD4_PSMD6_PSMD7_PSMD8_SEM1,-1,P59595_RPS27A
P59595_RPS27A,1,ADRM1_PSMA1_PSMA2_PSMA3_PSMA4_PSMA5_PSMA6_PSMA7_PSMB1_PSMB2_PSMB3_PSMB4_PSMB5_PSMB6_PSMB7_PSMC1_PSMC2_PSMC3_PSMC4_PSMC5_PSMC6_PSMD1_PSMD11_PSMD12_PSMD13_PSMD14_PSMD2_PSMD3_PSMD4_PSMD6_PSMD7_PSMD8_SEM1
ADRM1_PSMA1_PSMA2_PSMA3_PSMA4_PSMA5_PSMA6_PSMA7_PSMB1_PSMB2_PSMB3_PSMB4_PSMB5_PSMB6_PSMB7_PSMC1_PSMC2_PSMC3_PSMC4_PSMC5_PSMC6_PSMD1_PSMD11_PSMD12_PSMD13_PSMD14_PSMD2_PSMD3_PSMD4_PSMD6_PSMD7_PSMD8_SEM1,-1,P59634_UBB
P59634_UBB,1,ADRM1_PSMA1_PSMA2_PSMA3_PSMA4_PSMA5_PSMA6_PSMA7_PSMB1_PSMB2_PSMB3_PSMB4_PSMB5_PSMB6_PSMB7_PSMC1_PSMC2_PSMC3_PSMC4_PSMC5_PSMC6_PSMD1_PSMD11_PSMD12_PSMD13_PSMD14_PSMD2_PSMD3_PSMD4_PSMD6_PSMD7_PSMD8_SEM1
ADRM1_PSMA1_PSMA2_PSMA3_PSMA4_PSMA5_PSMA6_PSMA7_PSMB1_PSMB2_PSMB3_PSMB4_PSMB5_PSMB6_PSMB7_PSMC1_PSMC2_PSMC3_PSMC4_PSMC5_PSMC6_PSMD1_PSMD11_PSMD12_PSMD13_PSMD14_PSMD2_PSMD3_PSMD4_PSMD6_PSMD7_PSMD8_SEM1,-1,P03205_UBB
P03205_UBB,1,ADRM1_PSMA1_PSMA2_PSMA3_PSMA4_PSMA5_PSMA6_PSMA7_PSMB1_PSMB2_PSMB3_PSMB4_PSMB5_PSMB6_PSMB7_PSMC1_PSMC2_PSMC3_PSMC4_PSMC5_PSMC6_PSMD1_PSMD11_PSMD12_PSMD13_PSMD14_PSMD2_PSMD3_PSMD4_PSMD6_PSMD7_PSMD8_SEM1
ADRM1_PSMA1_PSMA2_PSMA3_PSMA4_PSMA5_PSMA6_PSMA7_PSMB1_PSMB2_PSMB3_PSMB4_PSMB5_PSMB6_PSMB7_PSMC1_PSMC2_PSMC3_PSMC4_PSMC5_PSMC6_PSMD1_PSMD11_PSMD12_PSMD13_PSMD14_PSMD2_PSMD3_PSMD4_PSMD6_PSMD7_PSMD8_SEM1,-1,Q7TFA0_UBC
Q7TFA0_UBC,1,ADRM1_PSMA1_PSMA2_PSMA3_PSMA4_PSMA5_PSMA6_PSMA7_PSMB1_PSMB2_PSMB3_PSMB4_PSMB5_PSMB6_PSMB7_PSMC1_PSMC2_PSMC3_PSMC4_PSMC5_PSMC6_PSMD1_PSMD11_PSMD12_PSMD13_PSMD14_PSMD2_PSMD3_PSMD4_PSMD6_PSMD7_PSMD8_SEM1
ADRM1_PSMA1_PSMA2_PSMA3_PSMA4_PSMA5_PSMA6_PSMA7_PSMB1_PSMB2_PSMB3_PSMB4_PSMB5_PSMB6_PSMB7_PSMC1_PSMC2_PSMC3_PSMC4_PSMC5_PSMC6_PSMD1_PSMD11_PSMD12_PSMD13_PSMD14_PSMD2_PSMD3_PSMD4_PSMD6_PSMD7_PSMD8_SEM1,-1,P03206_RPS27A
P03206_RPS27A,1,ADRM1_PSMA1_PSMA2_PSMA3_PSMA4_PSMA5_PSMA6_PSMA7_PSMB1_PSMB2_PSMB3_PSMB4_PSMB5_PSMB6_PSMB7_PSMC1_PSMC2_PSMC3_PSMC4_PSMC5_PSMC6_PSMD1_PSMD11_PSMD12_PSMD13_PSMD14_PSMD2_PSMD3_PSMD4_PSMD6_PSMD7_PSMD8_SEM1
ADRM1_PSMA1_PSMA2_PSMA3_PSMA4_PSMA5_PSMA6_PSMA7_PSMB1_PSMB2_PSMB3_PSMB4_PSMB5_PSMB6_PSMB7_PSMC1_PSMC2_PSMC3_PSMC4_PSMC5_PSMC6_PSMD1_PSMD11_PSMD12_PSMD13_PSMD14_PSMD2_PSMD3_PSMD4_PSMD6_PSMD7_PSMD8_SEM1,-1,P03209_UBB
P03209_UBB,1,ADRM1_PSMA1_PSMA2_PSMA3_PSMA4_PSMA5_PSMA6_PSMA7_PSMB1_PSMB2_PSMB3_PSMB4_PSMB5_PSMB6_PSMB7_PSMC1_PSMC2_PSMC3_PSMC4_PSMC5_PSMC6_PSMD1_PSMD11_PSMD12_PSMD13_PSMD14_PSMD2_PSMD3_PSMD4_PSMD6_PSMD7_PSMD8_SEM1
ADRM1_PSMA1_PSMA2_PSMA3_PSMA4_PSMA5_PSMA6_PSMA7_PSMB1_PSMB2_PSMB3_PSMB4_PSMB5_PSMB6_PSMB7_PSMC1_PSMC2_PSMC3_PSMC4_PSMC5_PSMC6_PSMD1_PSMD11_PSMD12_PSMD13_PSMD14_PSMD2_PSMD3_PSMD4_PSMD6_PSMD7_PSMD8_SEM1,-1,P03217_UBB
P03217_UBB,1,ADRM1_PSMA1_PSMA2_PSMA3_PSMA4_PSMA5_PSMA6_PSMA7_PSMB1_PSMB2_PSMB3_PSMB4_PSMB5_PSMB6_PSMB7_PSMC1_PSMC2_PSMC3_PSMC4_PSMC5_PSMC6_PSMD1_PSMD11_PSMD12_PSMD13_PSMD14_PSMD2_PSMD3_PSMD4_PSMD6_PSMD7_PSMD8_SEM1
ADRM1_PSMA1_PSMA2_PSMA3_PSMA4_PSMA5_PSMA6_PSMA7_PSMB1_PSMB2_PSMB3_PSMB4_PSMB5_PSMB6_PSMB7_PSMC1_PSMC2_PSMC3_PSMC4_PSMC5_PSMC6_PSMD1_PSMD11_PSMD12_PSMD13_PSMD14_PSMD2_PSMD3_PSMD4_PSMD6_PSMD7_PSMD8_SEM1,-1,Q7TFA0_UBA52
Q7TFA0_UBA52,1,ADRM1_PSMA1_PSMA2_PSMA3_PSMA4_PSMA5_PSMA6_PSMA7_PSMB1_PSMB2_PSMB3_PSMB4_PSMB5_PSMB6_PSMB7_PSMC1_PSMC2_PSMC3_PSMC4_PSMC5_PSMC6_PSMD1_PSMD11_PSMD12_PSMD13_PSMD14_PSMD2_PSMD3_PSMD4_PSMD6_PSMD7_PSMD8_SEM1
ADRM1_PSMA1_PSMA2_PSMA3_PSMA4_PSMA5_PSMA6_PSMA7_PSMB1_PSMB2_PSMB3_PSMB4_PSMB5_PSMB6_PSMB7_PSMC1_PSMC2_PSMC3_PSMC4_PSMC5_PSMC6_PSMD1_PSMD11_PSMD12_PSMD13_PSMD14_PSMD2_PSMD3_PSMD4_PSMD6_PSMD7_PSMD8_SEM1,-1,P03209_UBC
P03209_UBC,1,ADRM1_PSMA1_PSMA2_PSMA3_PSMA4_PSMA5_PSMA6_PSMA7_PSMB1_PSMB2_PSMB3_PSMB4_PSMB5_PSMB6_PSMB7_PSMC1_PSMC2_PSMC3_PSMC4_PSMC5_PSMC6_PSMD1_PSMD11_PSMD12_PSMD13_PSMD14_PSMD2_PSMD3_PSMD4_PSMD6_PSMD7_PSMD8_SEM1
ADRM1_PSMA1_PSMA2_PSMA3_PSMA4_PSMA5_PSMA6_PSMA7_PSMB1_PSMB2_PSMB3_PSMB4_PSMB5_PSMB6_PSMB7_PSMC1_PSMC2_PSMC3_PSMC4_PSMC5_PSMC6_PSMD1_PSMD11_PSMD12_PSMD13_PSMD14_PSMD2_PSMD3_PSMD4_PSMD6_PSMD7_PSMD8_SEM1,-1,P03200_RPS27A
P03200_RPS27A,1,ADRM1_PSMA1_PSMA2_PSMA3_PSMA4_PSMA5_PSMA6_PSMA7_PSMB1_PSMB2_PSMB3_PSMB4_PSMB5_PSMB6_PSMB7_PSMC1_PSMC2_PSMC3_PSMC4_PSMC5_PSMC6_PSMD1_PSMD11_PSMD12_PSMD13_PSMD14_PSMD2_PSMD3_PSMD4_PSMD6_PSMD7_PSMD8_SEM1
ADRM1_PSMA1_PSMA2_PSMA3_PSMA4_PSMA5_PSMA6_PSMA7_PSMB1_PSMB2_PSMB3_PSMB4_PSMB5_PSMB6_PSMB7_PSMC1_PSMC2_PSMC3_PSMC4_PSMC5_PSMC6_PSMD1_PSMD11_PSMD12_PSMD13_PSMD14_PSMD2_PSMD3_PSMD4_PSMD6_PSMD7_PSMD8_SEM1,-1,P03209_RPS27A
P03209_RPS27A,1,ADRM1_PSMA1_PSMA2_PSMA3_PSMA4_PSMA5_PSMA6_PSMA7_PSMB1_PSMB2_PSMB3_PSMB4_PSMB5_PSMB6_PSMB7_PSMC1_PSMC2_PSMC3_PSMC4_PSMC5_PSMC6_PSMD1_PSMD11_PSMD12_PSMD13_PSMD14_PSMD2_PSMD3_PSMD4_PSMD6_PSMD7_PSMD8_SEM1
ADRM1_PSMA1_PSMA2_PSMA3_PSMA4_PSMA5_PSMA6_PSMA7_PSMB1_PSMB2_PSMB3_PSMB4_PSMB5_PSMB6_PSMB7_PSMC1_PSMC2_PSMC3_PSMC4_PSMC5_PSMC6_PSMD1_PSMD11_PSMD12_PSMD13_PSMD14_PSMD2_PSMD3_PSMD4_PSMD6_PSMD7_PSMD8_SEM1,-1,P0C725_UBB
P0C725_UBB,1,ADRM1_PSMA1_PSMA2_PSMA3_PSMA4_PSMA5_PSMA6_PSMA7_PSMB1_PSMB2_PSMB3_PSMB4_PSMB5_PSMB6_PSMB7_PSMC1_PSMC2_PSMC3_PSMC4_PSMC5_PSMC6_PSMD1_PSMD11_PSMD12_PSMD13_PSMD14_PSMD2_PSMD3_PSMD4_PSMD6_PSMD7_PSMD8_SEM1
ADRM1_PSMA1_PSMA2_PSMA3_PSMA4_PSMA5_PSMA6_PSMA7_PSMB1_PSMB2_PSMB3_PSMB4_PSMB5_PSMB6_PSMB7_PSMC1_PSMC2_PSMC3_PSMC4_PSMC5_PSMC6_PSMD1_PSMD11_PSMD12_PSMD13_PSMD14_PSMD2_PSMD3_PSMD4_PSMD6_PSMD7_PSMD8_SEM1,-1,P59594_UBB
P59594_UBB,1,ADRM1_PSMA1_PSMA2_PSMA3_PSMA4_PSMA5_PSMA6_PSMA7_PSMB1_PSMB2_PSMB3_PSMB4_PSMB5_PSMB6_PSMB7_PSMC1_PSMC2_PSMC3_PSMC4_PSMC5_PSMC6_PSMD1_PSMD11_PSMD12_PSMD13_PSMD14_PSMD2_PSMD3_PSMD4_PSMD6_PSMD7_PSMD8_SEM1
ADRM1_PSMA1_PSMA2_PSMA3_PSMA4_PSMA5_PSMA6_PSMA7_PSMB1_PSMB2_PSMB3_PSMB4_PSMB5_PSMB6_PSMB7_PSMC1_PSMC2_PSMC3_PSMC4_PSMC5_PSMC6_PSMD1_PSMD11_PSMD12_PSMD13_PSMD14_PSMD2_PSMD3_PSMD4_PSMD6_PSMD7_PSMD8_SEM1,-1,P03212_UBC
P03212_UBC,1,ADRM1_PSMA1_PSMA2_PSMA3_PSMA4_PSMA5_PSMA6_PSMA7_PSMB1_PSMB2_PSMB3_PSMB4_PSMB5_PSMB6_PSMB7_PSMC1_PSMC2_PSMC3_PSMC4_PSMC5_PSMC6_PSMD1_PSMD11_PSMD12_PSMD13_PSMD14_PSMD2_PSMD3_PSMD4_PSMD6_PSMD7_PSMD8_SEM1
ADRM1_PSMA1_PSMA2_PSMA3_PSMA4_PSMA5_PSMA6_PSMA7_PSMB1_PSMB2_PSMB3_PSMB4_PSMB5_PSMB6_PSMB7_PSMC1_PSMC2_PSMC3_PSMC4_PSMC5_PSMC6_PSMD1_PSMD11_PSMD12_PSMD13_PSMD14_PSMD2_PSMD3_PSMD4_PSMD6_PSMD7_PSMD8_SEM1,-1,P03217_UBA52
P03217_UBA52,1,ADRM1_PSMA1_PSMA2_PSMA3_PSMA4_PSMA5_PSMA6_PSMA7_PSMB1_PSMB2_PSMB3_PSMB4_PSMB5_PSMB6_PSMB7_PSMC1_PSMC2_PSMC3_PSMC4_PSMC5_PSMC6_PSMD1_PSMD11_PSMD12_PSMD13_PSMD14_PSMD2_PSMD3_PSMD4_PSMD6_PSMD7_PSMD8_SEM1
ADRM1_PSMA1_PSMA2_PSMA3_PSMA4_PSMA5_PSMA6_PSMA7_PSMB1_PSMB2_PSMB3_PSMB4_PSMB5_PSMB6_PSMB7_PSMC1_PSMC2_PSMC3_PSMC4_PSMC5_PSMC6_PSMD1_PSMD11_PSMD12_PSMD13_PSMD14_PSMD2_PSMD3_PSMD4_PSMD6_PSMD7_PSMD8_SEM1,-1,Q80H93_UBC
Q80H93_UBC,1,ADRM1_PSMA1_PSMA2_PSMA3_PSMA4_PSMA5_PSMA6_PSMA7_PSMB1_PSMB2_PSMB3_PSMB4_PSMB5_PSMB6_PSMB7_PSMC1_PSMC2_PSMC3_PSMC4_PSMC5_PSMC6_PSMD1_PSMD11_PSMD12_PSMD13_PSMD14_PSMD2_PSMD3_PSMD4_PSMD6_PSMD7_PSMD8_SEM1
ADRM1_PSMA1_PSMA2_PSMA3_PSMA4_PSMA5_PSMA6_PSMA7_PSMB1_PSMB2_PSMB3_PSMB4_PSMB5_PSMB6_PSMB7_PSMC1_PSMC2_PSMC3_PSMC4_PSMC5_PSMC6_PSMD1_PSMD11_PSMD12_PSMD13_PSMD14_PSMD2_PSMD3_PSMD4_PSMD6_PSMD7_PSMD8_SEM1,-1,P59594_UBA52
P59594_UBA52,1,ADRM1_PSMA1_PSMA2_PSMA3_PSMA4_PSMA5_PSMA6_PSMA7_PSMB1_PSMB2_PSMB3_PSMB4_PSMB5_PSMB6_PSMB7_PSMC1_PSMC2_PSMC3_PSMC4_PSMC5_PSMC6_PSMD1_PSMD11_PSMD12_PSMD13_PSMD14_PSMD2_PSMD3_PSMD4_PSMD6_PSMD7_PSMD8_SEM1
ADRM1_PSMA1_PSMA2_PSMA3_PSMA4_PSMA5_PSMA6_PSMA7_PSMB1_PSMB2_PSMB3_PSMB4_PSMB5_PSMB6_PSMB7_PSMC1_PSMC2_PSMC3_PSMC4_PSMC5_PSMC6_PSMD1_PSMD11_PSMD12_PSMD13_PSMD14_PSMD2_PSMD3_PSMD4_PSMD6_PSMD7_PSMD8_SEM1,-1,P03212_UBA52
P03212_UBA52,1,ADRM1_PSMA1_PSMA2_PSMA3_PSMA4_PSMA5_PSMA6_PSMA7_PSMB1_PSMB2_PSMB3_PSMB4_PSMB5_PSMB6_PSMB7_PSMC1_PSMC2_PSMC3_PSMC4_PSMC5_PSMC6_PSMD1_PSMD11_PSMD12_PSMD13_PSMD14_PSMD2_PSMD3_PSMD4_PSMD6_PSMD7_PSMD8_SEM1
ADRM1_PSMA1_PSMA2_PSMA3_PSMA4_PSMA5_PSMA6_PSMA7_PSMB1_PSMB2_PSMB3_PSMB4_PSMB5_PSMB6_PSMB7_PSMC1_PSMC2_PSMC3_PSMC4_PSMC5_PSMC6_PSMD1_PSMD11_PSMD12_PSMD13_PSMD14_PSMD2_PSMD3_PSMD4_PSMD6_PSMD7_PSMD8_SEM1,-1,P0C725_UBC
P0C725_UBC,1,ADRM1_PSMA1_PSMA2_PSMA3_PSMA4_PSMA5_PSMA6_PSMA7_PSMB1_PSMB2_PSMB3_PSMB4_PSMB5_PSMB6_PSMB7_PSMC1_PSMC2_PSMC3_PSMC4_PSMC5_PSMC6_PSMD1_PSMD11_PSMD12_PSMD13_PSMD14_PSMD2_PSMD3_PSMD4_PSMD6_PSMD7_PSMD8_SEM1
ADRM1_PSMA1_PSMA2_PSMA3_PSMA4_PSMA5_PSMA6_PSMA7_PSMB1_PSMB2_PSMB3_PSMB4_PSMB5_PSMB6_PSMB7_PSMC1_PSMC2_PSMC3_PSMC4_PSMC5_PSMC6_PSMD1_PSMD11_PSMD12_PSMD13_PSMD14_PSMD2_PSMD3_PSMD4_PSMD6_PSMD7_PSMD8_SEM1,-1,P03205_UBC
P03205_UBC,1,ADRM1_PSMA1_PSMA2_PSMA3_PSMA4_PSMA5_PSMA6_PSMA7_PSMB1_PSMB2_PSMB3_PSMB4_PSMB5_PSMB6_PSMB7_PSMC1_PSMC2_PSMC3_PSMC4_PSMC5_PSMC6_PSMD1_PSMD11_PSMD12_PSMD13_PSMD14_PSMD2_PSMD3_PSMD4_PSMD6_PSMD7_PSMD8_SEM1
ADRM1_PSMA1_PSMA2_PSMA3_PSMA4_PSMA5_PSMA6_PSMA7_PSMB1_PSMB2_PSMB3_PSMB4_PSMB5_PSMB6_PSMB7_PSMC1_PSMC2_PSMC3_PSMC4_PSMC5_PSMC6_PSMD1_PSMD11_PSMD12_PSMD13_PSMD14_PSMD2_PSMD3_PSMD4_PSMD6_PSMD7_PSMD8_SEM1,-1,P03217_UBC
P03217_UBC,1,ADRM1_PSMA1_PSMA2_PSMA3_PSMA4_PSMA5_PSMA6_PSMA7_PSMB1_PSMB2_PSMB3_PSMB4_PSMB5_PSMB6_PSMB7_PSMC1_PSMC2_PSMC3_PSMC4_PSMC5_PSMC6_PSMD1_PSMD11_PSMD12_PSMD13_PSMD14_PSMD2_PSMD3_PSMD4_PSMD6_PSMD7_PSMD8_SEM1
ADRM1_PSMA1_PSMA2_PSMA3_PSMA4_PSMA5_PSMA6_PSMA7_PSMB1_PSMB2_PSMB3_PSMB4_PSMB5_PSMB6_PSMB7_PSMC1_PSMC2_PSMC3_PSMC4_PSMC5_PSMC6_PSMD1_PSMD11_PSMD12_PSMD13_PSMD14_PSMD2_PSMD3_PSMD4_PSMD6_PSMD7_PSMD8_SEM1,-1,P59633_UBA52
P59633_UBA52,1,ADRM1_PSMA1_PSMA2_PSMA3_PSMA4_PSMA5_PSMA6_PSMA7_PSMB1_PSMB2_PSMB3_PSMB4_PSMB5_PSMB6_PSMB7_PSMC1_PSMC2_PSMC3_PSMC4_PSMC5_PSMC6_PSMD1_PSMD11_PSMD12_PSMD13_PSMD14_PSMD2_PSMD3_PSMD4_PSMD6_PSMD7_PSMD8_SEM1
ADRM1_PSMA1_PSMA2_PSMA3_PSMA4_PSMA5_PSMA6_PSMA7_PSMB1_PSMB2_PSMB3_PSMB4_PSMB5_PSMB6_PSMB7_PSMC1_PSMC2_PSMC3_PSMC4_PSMC5_PSMC6_PSMD1_PSMD11_PSMD12_PSMD13_PSMD14_PSMD2_PSMD3_PSMD4_PSMD6_PSMD7_PSMD8_SEM1,-1,P03186_UBC
P03186_UBC,1,ADRM1_PSMA1_PSMA2_PSMA3_PSMA4_PSMA5_PSMA6_PSMA7_PSMB1_PSMB2_PSMB3_PSMB4_PSMB5_PSMB6_PSMB7_PSMC1_PSMC2_PSMC3_PSMC4_PSMC5_PSMC6_PSMD1_PSMD11_PSMD12_PSMD13_PSMD14_PSMD2_PSMD3_PSMD4_PSMD6_PSMD7_PSMD8_SEM1
ADRM1_PSMA1_PSMA2_PSMA3_PSMA4_PSMA5_PSMA6_PSMA7_PSMB1_PSMB2_PSMB3_PSMB4_PSMB5_PSMB6_PSMB7_PSMC1_PSMC2_PSMC3_PSMC4_PSMC5_PSMC6_PSMD1_PSMD11_PSMD12_PSMD13_PSMD14_PSMD2_PSMD3_PSMD4_PSMD6_PSMD7_PSMD8_SEM1,-1,P03211_UBB
P03211_UBB,1,ADRM1_PSMA1_PSMA2_PSMA3_PSMA4_PSMA5_PSMA6_PSMA7_PSMB1_PSMB2_PSMB3_PSMB4_PSMB5_PSMB6_PSMB7_PSMC1_PSMC2_PSMC3_PSMC4_PSMC5_PSMC6_PSMD1_PSMD11_PSMD12_PSMD13_PSMD14_PSMD2_PSMD3_PSMD4_PSMD6_PSMD7_PSMD8_SEM1
ADRM1_PSMA1_PSMA2_PSMA3_PSMA4_PSMA5_PSMA6_PSMA7_PSMB1_PSMB2_PSMB3_PSMB4_PSMB5_PSMB6_PSMB7_PSMC1_PSMC2_PSMC3_PSMC4_PSMC5_PSMC6_PSMD1_PSMD11_PSMD12_PSMD13_PSMD14_PSMD2_PSMD3_PSMD4_PSMD6_PSMD7_PSMD8_SEM1,-1,P03206_UBA52
P03206_UBA52,1,ADRM1_PSMA1_PSMA2_PSMA3_PSMA4_PSMA5_PSMA6_PSMA7_PSMB1_PSMB2_PSMB3_PSMB4_PSMB5_PSMB6_PSMB7_PSMC1_PSMC2_PSMC3_PSMC4_PSMC5_PSMC6_PSMD1_PSMD11_PSMD12_PSMD13_PSMD14_PSMD2_PSMD3_PSMD4_PSMD6_PSMD7_PSMD8_SEM1
ADRM1_PSMA1_PSMA2_PSMA3_PSMA4_PSMA5_PSMA6_PSMA7_PSMB1_PSMB2_PSMB3_PSMB4_PSMB5_PSMB6_PSMB7_PSMC1_PSMC2_PSMC3_PSMC4_PSMC5_PSMC6_PSMD1_PSMD11_PSMD12_PSMD13_PSMD14_PSMD2_PSMD3_PSMD4_PSMD6_PSMD7_PSMD8_SEM1,-1,Q7TFA0_UBB
Q7TFA0_UBB,1,ADRM1_PSMA1_PSMA2_PSMA3_PSMA4_PSMA5_PSMA6_PSMA7_PSMB1_PSMB2_PSMB3_PSMB4_PSMB5_PSMB6_PSMB7_PSMC1_PSMC2_PSMC3_PSMC4_PSMC5_PSMC6_PSMD1_PSMD11_PSMD12_PSMD13_PSMD14_PSMD2_PSMD3_PSMD4_PSMD6_PSMD7_PSMD8_SEM1
ADRM1_PSMA1_PSMA2_PSMA3_PSMA4_PSMA5_PSMA6_PSMA7_PSMB1_PSMB2_PSMB3_PSMB4_PSMB5_PSMB6_PSMB7_PSMC1_PSMC2_PSMC3_PSMC4_PSMC5_PSMC6_PSMD1_PSMD11_PSMD12_PSMD13_PSMD14_PSMD2_PSMD3_PSMD4_PSMD6_PSMD7_PSMD8_SEM1,-1,P03211_RPS27A
P03211_RPS27A,1,ADRM1_PSMA1_PSMA2_PSMA3_PSMA4_PSMA5_PSMA6_PSMA7_PSMB1_PSMB2_PSMB3_PSMB4_PSMB5_PSMB6_PSMB7_PSMC1_PSMC2_PSMC3_PSMC4_PSMC5_PSMC6_PSMD1_PSMD11_PSMD12_PSMD13_PSMD14_PSMD2_PSMD3_PSMD4_PSMD6_PSMD7_PSMD8_SEM1
ADRM1_PSMA1_PSMA2_PSMA3_PSMA4_PSMA5_PSMA6_PSMA7_PSMB1_PSMB2_PSMB3_PSMB4_PSMB5_PSMB6_PSMB7_PSMC1_PSMC2_PSMC3_PSMC4_PSMC5_PSMC6_PSMD1_PSMD11_PSMD12_PSMD13_PSMD14_PSMD2_PSMD3_PSMD4_PSMD6_PSMD7_PSMD8_SEM1,-1,Q7TFA0_RPS27A
Q7TFA0_RPS27A,1,ADRM1_PSMA1_PSMA2_PSMA3_PSMA4_PSMA5_PSMA6_PSMA7_PSMB1_PSMB2_PSMB3_PSMB4_PSMB5_PSMB6_PSMB7_PSMC1_PSMC2_PSMC3_PSMC4_PSMC5_PSMC6_PSMD1_PSMD11_PSMD12_PSMD13_PSMD14_PSMD2_PSMD3_PSMD4_PSMD6_PSMD7_PSMD8_SEM1
ADRM1_PSMA1_PSMA2_PSMA3_PSMA4_PSMA5_PSMA6_PSMA7_PSMB1_PSMB2_PSMB3_PSMB4_PSMB5_PSMB6_PSMB7_PSMC1_PSMC2_PSMC3_PSMC4_PSMC5_PSMC6_PSMD1_PSMD11_PSMD12_PSMD13_PSMD14_PSMD2_PSMD3_PSMD4_PSMD6_PSMD7_PSMD8_SEM1,-1,P03212_RPS27A
P03212_RPS27A,1,ADRM1_PSMA1_PSMA2_PSMA3_PSMA4_PSMA5_PSMA6_PSMA7_PSMB1_PSMB2_PSMB3_PSMB4_PSMB5_PSMB6_PSMB7_PSMC1_PSMC2_PSMC3_PSMC4_PSMC5_PSMC6_PSMD1_PSMD11_PSMD12_PSMD13_PSMD14_PSMD2_PSMD3_PSMD4_PSMD6_PSMD7_PSMD8_SEM1
ADRM1_PSMA1_PSMA2_PSMA3_PSMA4_PSMA5_PSMA6_PSMA7_PSMB1_PSMB2_PSMB3_PSMB4_PSMB5_PSMB6_PSMB7_PSMC1_PSMC2_PSMC3_PSMC4_PSMC5_PSMC6_PSMD1_PSMD11_PSMD12_PSMD13_PSMD14_PSMD2_PSMD3_PSMD4_PSMD6_PSMD7_PSMD8_SEM1,-1,P59633_RPS27A
P59633_RPS27A,1,ADRM1_PSMA1_PSMA2_PSMA3_PSMA4_PSMA5_PSMA6_PSMA7_PSMB1_PSMB2_PSMB3_PSMB4_PSMB5_PSMB6_PSMB7_PSMC1_PSMC2_PSMC3_PSMC4_PSMC5_PSMC6_PSMD1_PSMD11_PSMD12_PSMD13_PSMD14_PSMD2_PSMD3_PSMD4_PSMD6_PSMD7_PSMD8_SEM1
ADRM1_PSMA1_PSMA2_PSMA3_PSMA4_PSMA5_PSMA6_PSMA7_PSMB1_PSMB2_PSMB3_PSMB4_PSMB5_PSMB6_PSMB7_PSMC1_PSMC2_PSMC3_PSMC4_PSMC5_PSMC6_PSMD1_PSMD11_PSMD12_PSMD13_PSMD14_PSMD2_PSMD3_PSMD4_PSMD6_PSMD7_PSMD8_SEM1,-1,P03186_RPS27A
P03186_RPS27A,1,ADRM1_PSMA1_PSMA2_PSMA3_PSMA4_PSMA5_PSMA6_PSMA7_PSMB1_PSMB2_PSMB3_PSMB4_PSMB5_PSMB6_PSMB7_PSMC1_PSMC2_PSMC3_PSMC4_PSMC5_PSMC6_PSMD1_PSMD11_PSMD12_PSMD13_PSMD14_PSMD2_PSMD3_PSMD4_PSMD6_PSMD7_PSMD8_SEM1
ADRM1_PSMA1_PSMA2_PSMA3_PSMA4_PSMA5_PSMA6_PSMA7_PSMB1_PSMB2_PSMB3_PSMB4_PSMB5_PSMB6_PSMB7_PSMC1_PSMC2_PSMC3_PSMC4_PSMC5_PSMC6_PSMD1_PSMD11_PSMD12_PSMD13_PSMD14_PSMD2_PSMD3_PSMD4_PSMD6_PSMD7_PSMD8_SEM1,-1,P03206_UBC
P03206_UBC,1,ADRM1_PSMA1_PSMA2_PSMA3_PSMA4_PSMA5_PSMA6_PSMA7_PSMB1_PSMB2_PSMB3_PSMB4_PSMB5_PSMB6_PSMB7_PSMC1_PSMC2_PSMC3_PSMC4_PSMC5_PSMC6_PSMD1_PSMD11_PSMD12_PSMD13_PSMD14_PSMD2_PSMD3_PSMD4_PSMD6_PSMD7_PSMD8_SEM1
ADRM1_PSMA1_PSMA2_PSMA3_PSMA4_PSMA5_PSMA6_PSMA7_PSMB1_PSMB2_PSMB3_PSMB4_PSMB5_PSMB6_PSMB7_PSMC1_PSMC2_PSMC3_PSMC4_PSMC5_PSMC6_PSMD1_PSMD11_PSMD12_PSMD13_PSMD14_PSMD2_PSMD3_PSMD4_PSMD6_PSMD7_PSMD8_SEM1,-1,P03231_UBC
P03231_UBC,1,ADRM1_PSMA1_PSMA2_PSMA3_PSMA4_PSMA5_PSMA6_PSMA7_PSMB1_PSMB2_PSMB3_PSMB4_PSMB5_PSMB6_PSMB7_PSMC1_PSMC2_PSMC3_PSMC4_PSMC5_PSMC6_PSMD1_PSMD11_PSMD12_PSMD13_PSMD14_PSMD2_PSMD3_PSMD4_PSMD6_PSMD7_PSMD8_SEM1
ADRM1_PSMA1_PSMA2_PSMA3_PSMA4_PSMA5_PSMA6_PSMA7_PSMB1_PSMB2_PSMB3_PSMB4_PSMB5_PSMB6_PSMB7_PSMC1_PSMC2_PSMC3_PSMC4_PSMC5_PSMC6_PSMD1_PSMD11_PSMD12_PSMD13_PSMD14_PSMD2_PSMD3_PSMD4_PSMD6_PSMD7_PSMD8_SEM1,-1,P59634_RPS27A
P59634_RPS27A,1,ADRM1_PSMA1_PSMA2_PSMA3_PSMA4_PSMA5_PSMA6_PSMA7_PSMB1_PSMB2_PSMB3_PSMB4_PSMB5_PSMB6_PSMB7_PSMC1_PSMC2_PSMC3_PSMC4_PSMC5_PSMC6_PSMD1_PSMD11_PSMD12_PSMD13_PSMD14_PSMD2_PSMD3_PSMD4_PSMD6_PSMD7_PSMD8_SEM1
ADRM1_PSMA1_PSMA2_PSMA3_PSMA4_PSMA5_PSMA6_PSMA7_PSMB1_PSMB2_PSMB3_PSMB4_PSMB5_PSMB6_PSMB7_PSMC1_PSMC2_PSMC3_PSMC4_PSMC5_PSMC6_PSMD1_PSMD11_PSMD12_PSMD13_PSMD14_PSMD2_PSMD3_PSMD4_PSMD6_PSMD7_PSMD8_SEM1,-1,Q80H93_UBA52
Q80H93_UBA52,1,ADRM1_PSMA1_PSMA2_PSMA3_PSMA4_PSMA5_PSMA6_PSMA7_PSMB1_PSMB2_PSMB3_PSMB4_PSMB5_PSMB6_PSMB7_PSMC1_PSMC2_PSMC3_PSMC4_PSMC5_PSMC6_PSMD1_PSMD11_PSMD12_PSMD13_PSMD14_PSMD2_PSMD3_PSMD4_PSMD6_PSMD7_PSMD8_SEM1
ADRM1_PSMA1_PSMA2_PSMA3_PSMA4_PSMA5_PSMA6_PSMA7_PSMB1_PSMB2_PSMB3_PSMB4_PSMB5_PSMB6_PSMB7_PSMC1_PSMC2_PSMC3_PSMC4_PSMC5_PSMC6_PSMD1_PSMD11_PSMD12_PSMD13_PSMD14_PSMD2_PSMD3_PSMD4_PSMD6_PSMD7_PSMD8_SEM1,-1,P59633_UBC
P59633_UBC,1,ADRM1_PSMA1_PSMA2_PSMA3_PSMA4_PSMA5_PSMA6_PSMA7_PSMB1_PSMB2_PSMB3_PSMB4_PSMB5_PSMB6_PSMB7_PSMC1_PSMC2_PSMC3_PSMC4_PSMC5_PSMC6_PSMD1_PSMD11_PSMD12_PSMD13_PSMD14_PSMD2_PSMD3_PSMD4_PSMD6_PSMD7_PSMD8_SEM1
ADRM1_PSMA1_PSMA2_PSMA3_PSMA4_PSMA5_PSMA6_PSMA7_PSMB1_PSMB2_PSMB3_PSMB4_PSMB5_PSMB6_PSMB7_PSMC1_PSMC2_PSMC3_PSMC4_PSMC5_PSMC6_PSMD1_PSMD11_PSMD12_PSMD13_PSMD14_PSMD2_PSMD3_PSMD4_PSMD6_PSMD7_PSMD8_SEM1,-1,P03211_UBC
P03211_UBC,1,ADRM1_PSMA1_PSMA2_PSMA3_PSMA4_PSMA5_PSMA6_PSMA7_PSMB1_PSMB2_PSMB3_PSMB4_PSMB5_PSMB6_PSMB7_PSMC1_PSMC2_PSMC3_PSMC4_PSMC5_PSMC6_PSMD1_PSMD11_PSMD12_PSMD13_PSMD14_PSMD2_PSMD3_PSMD4_PSMD6_PSMD7_PSMD8_SEM1
ADRM1_PSMA1_PSMA2_PSMA3_PSMA4_PSMA5_PSMA6_PSMA7_PSMB1_PSMB2_PSMB3_PSMB4_PSMB5_PSMB6_PSMB7_PSMC1_PSMC2_PSMC3_PSMC4_PSMC5_PSMC6_PSMD1_PSMD11_PSMD12_PSMD13_PSMD14_PSMD2_PSMD3_PSMD4_PSMD6_PSMD7_PSMD8_SEM1,-1,P59634_UBC
P59634_UBC,1,ADRM1_PSMA1_PSMA2_PSMA3_PSMA4_PSMA5_PSMA6_PSMA7_PSMB1_PSMB2_PSMB3_PSMB4_PSMB5_PSMB6_PSMB7_PSMC1_PSMC2_PSMC3_PSMC4_PSMC5_PSMC6_PSMD1_PSMD11_PSMD12_PSMD13_PSMD14_PSMD2_PSMD3_PSMD4_PSMD6_PSMD7_PSMD8_SEM1
ADRM1_PSMA1_PSMA2_PSMA3_PSMA4_PSMA5_PSMA6_PSMA7_PSMB1_PSMB2_PSMB3_PSMB4_PSMB5_PSMB6_PSMB7_PSMC1_PSMC2_PSMC3_PSMC4_PSMC5_PSMC6_PSMD1_PSMD11_PSMD12_PSMD13_PSMD14_PSMD2_PSMD3_PSMD4_PSMD6_PSMD7_PSMD8_SEM1,-1,P03206_UBB
P03206_UBB,1,ADRM1_PSMA1_PSMA2_PSMA3_PSMA4_PSMA5_PSMA6_PSMA7_PSMB1_PSMB2_PSMB3_PSMB4_PSMB5_PSMB6_PSMB7_PSMC1_PSMC2_PSMC3_PSMC4_PSMC5_PSMC6_PSMD1_PSMD11_PSMD12_PSMD13_PSMD14_PSMD2_PSMD3_PSMD4_PSMD6_PSMD7_PSMD8_SEM1
ADRM1_PSMA1_PSMA2_PSMA3_PSMA4_PSMA5_PSMA6_PSMA7_PSMB1_PSMB2_PSMB3_PSMB4_PSMB5_PSMB6_PSMB7_PSMC1_PSMC2_PSMC3_PSMC4_PSMC5_PSMC6_PSMD1_PSMD11_PSMD12_PSMD13_PSMD14_PSMD2_PSMD3_PSMD4_PSMD6_PSMD7_PSMD8_SEM1,-1,P03231_RPS27A
P03231_RPS27A,1,ADRM1_PSMA1_PSMA2_PSMA3_PSMA4_PSMA5_PSMA6_PSMA7_PSMB1_PSMB2_PSMB3_PSMB4_PSMB5_PSMB6_PSMB7_PSMC1_PSMC2_PSMC3_PSMC4_PSMC5_PSMC6_PSMD1_PSMD11_PSMD12_PSMD13_PSMD14_PSMD2_PSMD3_PSMD4_PSMD6_PSMD7_PSMD8_SEM1
ADRM1_PSMA1_PSMA2_PSMA3_PSMA4_PSMA5_PSMA6_PSMA7_PSMB1_PSMB2_PSMB3_PSMB4_PSMB5_PSMB6_PSMB7_PSMC1_PSMC2_PSMC3_PSMC4_PSMC5_PSMC6_PSMD1_PSMD11_PSMD12_PSMD13_PSMD14_PSMD2_PSMD3_PSMD4_PSMD6_PSMD7_PSMD8_SEM1,-1,P13288_UBA52
P13288_UBA52,1,ADRM1_PSMA1_PSMA2_PSMA3_PSMA4_PSMA5_PSMA6_PSMA7_PSMB1_PSMB2_PSMB3_PSMB4_PSMB5_PSMB6_PSMB7_PSMC1_PSMC2_PSMC3_PSMC4_PSMC5_PSMC6_PSMD1_PSMD11_PSMD12_PSMD13_PSMD14_PSMD2_PSMD3_PSMD4_PSMD6_PSMD7_PSMD8_SEM1
ADRM1_PSMA1_PSMA2_PSMA3_PSMA4_PSMA5_PSMA6_PSMA7_PSMB1_PSMB2_PSMB3_PSMB4_PSMB5_PSMB6_PSMB7_PSMC1_PSMC2_PSMC3_PSMC4_PSMC5_PSMC6_PSMD1_PSMD11_PSMD12_PSMD13_PSMD14_PSMD2_PSMD3_PSMD4_PSMD6_PSMD7_PSMD8_SEM1,-1,P03200_UBC
P03200_UBC,1,ADRM1_PSMA1_PSMA2_PSMA3_PSMA4_PSMA5_PSMA6_PSMA7_PSMB1_PSMB2_PSMB3_PSMB4_PSMB5_PSMB6_PSMB7_PSMC1_PSMC2_PSMC3_PSMC4_PSMC5_PSMC6_PSMD1_PSMD11_PSMD12_PSMD13_PSMD14_PSMD2_PSMD3_PSMD4_PSMD6_PSMD7_PSMD8_SEM1
ADRM1_PSMA1_PSMA2_PSMA3_PSMA4_PSMA5_PSMA6_PSMA7_PSMB1_PSMB2_PSMB3_PSMB4_PSMB5_PSMB6_PSMB7_PSMC1_PSMC2_PSMC3_PSMC4_PSMC5_PSMC6_PSMD1_PSMD11_PSMD12_PSMD13_PSMD14_PSMD2_PSMD3_PSMD4_PSMD6_PSMD7_PSMD8_SEM1,-1,P0C725_UBA52
P0C725_UBA52,1,ADRM1_PSMA1_PSMA2_PSMA3_PSMA4_PSMA5_PSMA6_PSMA7_PSMB1_PSMB2_PSMB3_PSMB4_PSMB5_PSMB6_PSMB7_PSMC1_PSMC2_PSMC3_PSMC4_PSMC5_PSMC6_PSMD1_PSMD11_PSMD12_PSMD13_PSMD14_PSMD2_PSMD3_PSMD4_PSMD6_PSMD7_PSMD8_SEM1
ADRM1_PSMA1_PSMA2_PSMA3_PSMA4_PSMA5_PSMA6_PSMA7_PSMB1_PSMB2_PSMB3_PSMB4_PSMB5_PSMB6_PSMB7_PSMC1_PSMC2_PSMC3_PSMC4_PSMC5_PSMC6_PSMD1_PSMD11_PSMD12_PSMD13_PSMD14_PSMD2_PSMD3_PSMD4_PSMD6_PSMD7_PSMD8_SEM1,-1,P59595_UBA52
P59595_UBA52,1,ADRM1_PSMA1_PSMA2_PSMA3_PSMA4_PSMA5_PSMA6_PSMA7_PSMB1_PSMB2_PSMB3_PSMB4_PSMB5_PSMB6_PSMB7_PSMC1_PSMC2_PSMC3_PSMC4_PSMC5_PSMC6_PSMD1_PSMD11_PSMD12_PSMD13_PSMD14_PSMD2_PSMD3_PSMD4_PSMD6_PSMD7_PSMD8_SEM1
ADRM1_PSMA1_PSMA2_PSMA3_PSMA4_PSMA5_PSMA6_PSMA7_PSMB1_PSMB2_PSMB3_PSMB4_PSMB5_PSMB6_PSMB7_PSMC1_PSMC2_PSMC3_PSMC4_PSMC5_PSMC6_PSMD1_PSMD11_PSMD12_PSMD13_PSMD14_PSMD2_PSMD3_PSMD4_PSMD6_PSMD7_PSMD8_SEM1,-1,P03186_UBA52
P03186_UBA52,1,ADRM1_PSMA1_PSMA2_PSMA3_PSMA4_PSMA5_PSMA6_PSMA7_PSMB1_PSMB2_PSMB3_PSMB4_PSMB5_PSMB6_PSMB7_PSMC1_PSMC2_PSMC3_PSMC4_PSMC5_PSMC6_PSMD1_PSMD11_PSMD12_PSMD13_PSMD14_PSMD2_PSMD3_PSMD4_PSMD6_PSMD7_PSMD8_SEM1
ADRM1_PSMA1_PSMA2_PSMA3_PSMA4_PSMA5_PSMA6_PSMA7_PSMB1_PSMB2_PSMB3_PSMB4_PSMB5_PSMB6_PSMB7_PSMC1_PSMC2_PSMC3_PSMC4_PSMC5_PSMC6_PSMD1_PSMD11_PSMD12_PSMD13_PSMD14_PSMD2_PSMD3_PSMD4_PSMD6_PSMD7_PSMD8_SEM1,-1,P59594_UBC
P59594_UBC,1,ADRM1_PSMA1_PSMA2_PSMA3_PSMA4_PSMA5_PSMA6_PSMA7_PSMB1_PSMB2_PSMB3_PSMB4_PSMB5_PSMB6_PSMB7_PSMC1_PSMC2_PSMC3_PSMC4_PSMC5_PSMC6_PSMD1_PSMD11_PSMD12_PSMD13_PSMD14_PSMD2_PSMD3_PSMD4_PSMD6_PSMD7_PSMD8_SEM1
ADRM1_PSMA1_PSMA2_PSMA3_PSMA4_PSMA5_PSMA6_PSMA7_PSMB1_PSMB2_PSMB3_PSMB4_PSMB5_PSMB6_PSMB7_PSMC1_PSMC2_PSMC3_PSMC4_PSMC5_PSMC6_PSMD1_PSMD11_PSMD12_PSMD13_PSMD14_PSMD2_PSMD3_PSMD4_PSMD6_PSMD7_PSMD8_SEM1,-1,P13288_UBB
P13288_UBB,1,ADRM1_PSMA1_PSMA2_PSMA3_PSMA4_PSMA5_PSMA6_PSMA7_PSMB1_PSMB2_PSMB3_PSMB4_PSMB5_PSMB6_PSMB7_PSMC1_PSMC2_PSMC3_PSMC4_PSMC5_PSMC6_PSMD1_PSMD11_PSMD12_PSMD13_PSMD14_PSMD2_PSMD3_PSMD4_PSMD6_PSMD7_PSMD8_SEM1
ADRM1_PSMA1_PSMA2_PSMA3_PSMA4_PSMA5_PSMA6_PSMA7_PSMB1_PSMB2_PSMB3_PSMB4_PSMB5_PSMB6_PSMB7_PSMC1_PSMC2_PSMC3_PSMC4_PSMC5_PSMC6_PSMD1_PSMD11_PSMD12_PSMD13_PSMD14_PSMD2_PSMD3_PSMD4_PSMD6_PSMD7_PSMD8_SEM1,-1,Q80H93_UBB
Q80H93_UBB,1,ADRM1_PSMA1_PSMA2_PSMA3_PSMA4_PSMA5_PSMA6_PSMA7_PSMB1_PSMB2_PSMB3_PSMB4_PSMB5_PSMB6_PSMB7_PSMC1_PSMC2_PSMC3_PSMC4_PSMC5_PSMC6_PSMD1_PSMD11_PSMD12_PSMD13_PSMD14_PSMD2_PSMD3_PSMD4_PSMD6_PSMD7_PSMD8_SEM1
ADRM1_PSMA1_PSMA2_PSMA3_PSMA4_PSMA5_PSMA6_PSMA7_PSMB1_PSMB2_PSMB3_PSMB4_PSMB5_PSMB6_PSMB7_PSMC1_PSMC2_PSMC3_PSMC4_PSMC5_PSMC6_PSMD1_PSMD11_PSMD12_PSMD13_PSMD14_PSMD2_PSMD3_PSMD4_PSMD6_PSMD7_PSMD8_SEM1,-1,P13288_RPS27A
P13288_RPS27A,1,ADRM1_PSMA1_PSMA2_PSMA3_PSMA4_PSMA5_PSMA6_PSMA7_PSMB1_PSMB2_PSMB3_PSMB4_PSMB5_PSMB6_PSMB7_PSMC1_PSMC2_PSMC3_PSMC4_PSMC5_PSMC6_PSMD1_PSMD11_PSMD12_PSMD13_PSMD14_PSMD2_PSMD3_PSMD4_PSMD6_PSMD7_PSMD8_SEM1
ADRM1_PSMA1_PSMA2_PSMA3_PSMA4_PSMA5_PSMA6_PSMA7_PSMB1_PSMB2_PSMB3_PSMB4_PSMB5_PSMB6_PSMB7_PSMC1_PSMC2_PSMC3_PSMC4_PSMC5_PSMC6_PSMD1_PSMD11_PSMD12_PSMD13_PSMD14_PSMD2_PSMD3_PSMD4_PSMD6_PSMD7_PSMD8_SEM1,-1,P03211_UBA52
P03211_UBA52,1,ADRM1_PSMA1_PSMA2_PSMA3_PSMA4_PSMA5_PSMA6_PSMA7_PSMB1_PSMB2_PSMB3_PSMB4_PSMB5_PSMB6_PSMB7_PSMC1_PSMC2_PSMC3_PSMC4_PSMC5_PSMC6_PSMD1_PSMD11_PSMD12_PSMD13_PSMD14_PSMD2_PSMD3_PSMD4_PSMD6_PSMD7_PSMD8_SEM1
PRKCA,1,NKX3-1
CSNK2A1,1,CAST
PRKAA1,1,NFE2L2
ARHGEF25,1,CDC42
CUL1_RBX1_SKP1,-1,TELO2
SH3RF1,1,MAP3K11
JDP2,-1,ATF2
MAPK1,1,PCBP2
PABIR1,-1,PPP2R2A
PTPN7,-1,MAPK1
CDK8,-1,E2F1
PTPN6,-1,NTRK1
HTR6,1,GNAQ
PTH1R,1,LRP6
GSK3B,-1,CAMKK2
DYRK2,1,SIAH2
TEC,-1,BTK
HACE1,-1,CCND1
FZD3,1,GNGT1
AKT2,1,MYO5A
SRC,1,BTK
PTPN11,1,CDKN1B
MAPK3,-1,PAX5
MAPK15,1,JUN
CCND1_CDK6,1,TSC2
SGK1,-1,HTT
CNTNAP1,1,CNTN1
LYN,1,PAG1
SRC,1,ARHGAP5
AXL,1,NEDD9
CHEK2,1,AURKB
PPP1CA,-1,BRCA1
AURKA,-1,NFKBIA
BRAF,1,ABL1
FKBP5,1,CD274
CDK5,1,PXN
CDK7,1,CDK5
ROCK1,1,FHOD1
PRKACA,1,NCOA3
CHUK,1,PIAS1
CSNK2A1,1,PPP1R2
CHUK,-1,RIPK1
DUSP1,1,RUNX2
CSF1R,1,CTNND1
CDK2,1,EZH2
EP300,1,DUSP1
CDK13,1,EIF4EBP1
IER3,-1,PPP2R5C
PTEN,-1,IRS1
AURKA,1,WDR62
PTPN1,-1,NTRK1
CDK6,1,RUNX1
PTPN1,-1,PTK6
GSK3B,-1,NR3C1
DOK1,-1,ITGB3
ADARB1,1,EIF2AK2
EGFR,1,TLR3
MAPK8,1,FOXO4
PDGFRB,1,TNK2
PRKACA,1,ERBB2
WNT11,1,FZD3
EIF2AK3,-1,PPP3CA
BIRC2,1,RIPK2
EGFR,1,HGS
UNC5A,1,PICK1
CCNB1_CDK1,1,RANGAP1
UFD1,-1,CD4
PRKACA,-1,PTPN11
FES,1,STAT3
PTPN6,-1,SYK
CDC20,-1,FBXO31
NEK6,1,RPS6KB1
GNB3,1,PLCG1
MAPK3,-1,FOXO3
DYRK1B,1,HNF1A
ATM,-1,NKX3-1
SMAD1,1,RUNX2
GSK3B,1,CDKN1B
CDC34,1,CUL1_FBXW7_SKP1
INSR,1,PTPN6
DVL2,1,APC_AXIN1_GSK3B
PRKCA,-1,EGLN2
SRC,-1,RRAS
FAS,1,RIPK1
RIPK1,1,FAS
GSK3B,-1,GCM1
NTSR1,1,GNAQ
CHUK,-1,COPS5
ATM,1,PEX5
MC4R,1,GNAI1
PAK4,-1,FH
PTPRH,-1,INSR
INSR,-1,CALM2
HDAC4,-1,RUNX2
CTNNA1,-1,YAP1
CDK1,-1,MORC2
PTPN1,-1,MET
MAPK14,1,SIAH2
ROCK1,1,ARHGAP24
MDM2,-1,TP73
LRRK1,1,RAB7A
RUNX1,-1,CHUK_IKBKB_IKBKG
PTPRJ,-1,MAPK3
GSK3B,1,HDAC6
RAD1,1,TOPBP1
GRIN1_GRIN2B,1,DLG4
HIPK2,1,EP300
AURKA,-1,TP73
MAPK1,1,RUNX1
CAMK2A,-1,OPRM1
HIPK2,1,FOXM1
LRRK2,1,RIPK2
INSR,1,FRS2
INSR,1,KHDRBS1
PTK2,-1,CTTN
CDK8,-1,SMAD3
ACVR2B,1,SMAD3
LRIG1,1,CBLC
CBLC,-1,LRIG1
FYN,1,TGFB1I1
S1PR1,1,GNAI3
JAK1,1,RIPK1
PRKACA,1,AQP5
JAK2,-1,ESR1
ADRA2A,1,GNAZ
RACK1,1,PTK7
PAK2,-1,CASP7
PPM1A,-1,PAK1
CHEK1,1,E2F3
LIMK2,-1,NKX3-1
CUL1_RBX1_SKP1,-1,TP53
BRSK1,1,CAST
LIMK2,1,TWIST1
CDK1,1,RNF138
MAP3K7,-1,YAP1
CALM2,1,PPP3CA
FOXA1,1,NFIB
PIK3AP1,1,PIK3CB
FYN,1,CDK5
WWTR1,1,SMAD2
EDNRB,1,GNAI1
TAB1,-1,ROR2
PRKCE,1,SHC1
MAPK14,1,KAT5
MAPK4,1,DUSP2
DUSP2,-1,MAPK4
HTR1D,1,GNAI3
STK11,1,PRMT5
CDK1,-1,WWTR1
STK4,1,LATS2
SRC,1,ARAF
NEK2,1,CD274
MTOR,-1,EIF4E
NEK6,1,FOXJ2
H1-2,-1,TP53BP1
MAPK3,-1,MCRIP1
FGFR1,1,BCAR1
PRKCB,1,VTN
PRKACA,-1,PTPN7
CUL3_RBX1_SKP1,-1,WNK3
SRC,-1,IKBKG
PPM1A,-1,RELA
MAPK3,1,PTTG1
CHEK1,-1,ERRFI1
CSNK1A1,1,BID
CDK8,-1,H3-4
PAK6,1,RAF1
GRK2,-1,PDGFRB
LATS2,-1,AMOTL2
MARK2,1,PINK1
PIM1,1,RUNX1
CASP6,1,CASP8
NEDD4,1,IRS2
PRKAA2,-1,CRTC2
SMAD2_SMAD4,1,SP1
STK11,-1,PAK1
CDK1,1,RUNX1
TRIM32,-1,MYC
SRC,1,STAT5A
RAN,1,XPO1
NTSR1,1,GNA13
PRKAA1,1,TSC2
IKBKB,1,TP53
PRKCB,1,MSX2
IGF2,1,INSR
CRKL,1,PIK3CB
USP9X,1,UBA52
PTK2,1,GSK3B
MIF,1,CD74
SGK1,1,CHUK
PTEN,1,NKX3-1
SRC,1,HIPK2
AIM2_CASP1_PYCARD,1,CASP1
GNA12,1,AKAP13
SRC,1,KRAS
STK11,1,SIK2
PTEN,1,IRF3
STK11,1,F2R
MAPK1,1,PARP1
GATA2,-1,PPARG
GSK3B,-1,GFI1
MTOR,-1,AMOTL2
CSNK1A1,-1,FOXO4
SRC,1,SHC3
CDC34,1,BTRC_CUL1_SKP1
PPP2CA,1,RBL2
PRKCD,-1,TSC2
AKT2,-1,FOXO4
TBK1,-1,CDH1
TBK1,1,DDX3X
GSK3B,1,RELA
CASP3,-1,BRCA1
PRKAA1_PRKAA2_PRKAB1_PRKAB2_PRKAG1_PRKAG2_PRKAG3,1,TET2
AKT2,-1,SH3RF1
AKT1,-1,GATA2
PPM1A,-1,TBK1
XPO1,-1,TP53
STIP1,-1,HSP90AA1
PTPN6,-1,MAP3K7
LCK,1,MAPK14
CDK1,1,CLASP2
CDK1,1,USP22
SRC,1,BMX
STAT6,-1,STAT1
AKT1,1,CBY1
GSK3A,-1,GRB14
CDK1,-1,ABI1
PRKCA,-1,GSK3B
ATM,1,MPG
ATM,1,RANBP9
MAML1,1,EP300
BTRC_CUL1_SKP1,-1,CD4
CUL1_RBX1_SKP1,-1,PSEN1
ATM,-1,RELA
DVL2,-1,RBPJ
STK38L,1,FLNA
PRKACA,-1,PPP1R8
LCK,1,CD3E
TLN1,1,ITGAV_ITGB3
AURKB,1,BUB1
BTK,-1,STAT3
CDK1,-1,ELAVL1
TLR9,1,TICAM2
PTPN6,1,CASP8
MAPK14,-1,PTPN7
TET2,1,OGT
TAF1,-1,TP53
PRKAA1,-1,GLI1
HTR1A,1,GNAO1
MAPK7,1,ETS1
CDK2,1,LARP1
PTPN6,-1,CTNNB1
LIN7C_PALS1_PATJ,-1,YAP1
RPS6KA3,1,EIF2AK2
SRC,-1,ITGB2
CSNK2A1,-1,CTDP1
CDK4,1,KAT2A
PDPK1,1,PLK1
CBL,-1,ERBB2
CDK5,1,NGEF
CBLB,1,NCK1
MAP2K1,-1,IRS1
SRC,1,FHL1
DDR1,1,PTPN11
GNA13,1,ARHGEF11
FZR1,-1,CDC25A
CDK5,1,TRIM59
SRC,1,ITGB3
TRAF6,1,PIK3CA
CDK6,1,FOXO3
CDK9,1,UBE2A
AKT1,-1,PRKAA1
EPHA4,1,JAK2
PRKCE,1,IQGAP1
CHEK1,-1,DIAPH1
MAPK1,-1,TNFRSF1A
DSCAML1,1,STAT3
HSP90AA1,-1,NR3C1
MAP2K2,1,PPARG
CHKA,-1,KDR
INHBA,1,ACVR2A
NEDD4L,1,TRAF3
MAPK8,1,HNRNPK
SGK1,1,NR3C1
BRCA1,1,SAFB
DYRK2,-1,NOTCH1
PKN1,-1,ARHGEF2
LCK,-1,TBK1
EGFR,1,USP8
PPP1CA,-1,SP3
EIF2AK2,-1,NCK1
RHEB,1,AKT1S1_DEPTOR_MLST8_MTOR_RPTOR
CUL3_RBX1_SKP1,-1,WNK2
PLK1,1,PIN1
CDK9,1,NCOA2
MAPK3,1,ATF2
ERBB2,-1,CTNNB1
IL4,1,IL13RA1
FER,-1,ARHGDIA
LYN,1,PPP1R15A
GRK5,-1,HDAC5
CALM2,1,PPP3CA_PPP3R1
PAK4,1,RAN
LEPR,1,SH2B1
AKT1,1,BRCA1
LIF,1,IL6ST
LRRK2,1,MAP3K5
SRC,1,TNK2
PLK1,1,RAF1
MAP2K1,-1,MYT1
SRC,1,GAB1
TTK,1,BUB1
ILK,1,AKT2
CREBBP_EP300,-1,FLI1
PRKCZ,1,AKT2
CD2AP,1,ACTB
LYN,1,INPP5D
LYN,-1,PRKDC
LYN,1,STAT3
MAPK8IP1,-1,MAP4K2
AKT1,1,UBE2S
PRKACB,-1,BAD
MAPK3,1,RCAN1
CSNK2A1,1,HDAC2
PPP5C,-1,MAP3K5
PRKD1,1,CTNNB1
CDK5_CDK5R1,1,VRK3
HCK,1,CSF3R
PRKAA1,1,GAPDH
MAPK9,-1,IRS1
TRIB3,1,COP1
CCNB1_CDK1,1,BORA
CAV1,1,LRP6
ROCK1,-1,PFN1
ULK1,-1,SQSTM1
AURKA,1,INCENP
INCENP,1,AURKA
MAPK1,1,TP53
OTUD7B,-1,RIPK1
SGK1,1,WNK4
EPHB1,1,MAP2K4
HSPA1B,1,NOD2
IGF1R,1,PIK3R1
DAB2IP,1,ERN1
TRAF6,1,TP53
PAK1,-1,NET1
CSNK2A1,-1,MAX
MAPKAPK5,1,MAPK4
PIM1,1,FLT3
PRKCZ,1,PTPN7
MTNR1B,1,GNAO1
BMX,1,PTK2
MAPK3,1,METTL3
FLT3,1,PTPN11
YWHAQ,-1,CDKN1B
SYK,1,GCSAM
MAPK7,-1,PML
SRC,1,RAC1
PTEN,-1,PTK6
RAC1,1,MAPK9
TRAF6,1,MAP3K14
CHEK2,1,RB1
PRKD1,1,NOS1
FLT3,1,STAT5A
MET,1,CAV1
CDC25A,1,CDK4
MAPK9,1,EGLN2
LCK,1,ADAM15
FOS_JUN,1,CD247_CD3D_CD3E_CD3G
PRKCQ,1,PTPN7
PRKCA,-1,NFATC1
CSNK1E,-1,WWTR1
INSR,1,PIK3R1
PRKACA,1,ESR1
NEK2,-1,TP53
SIK2,-1,IRS1
PAK4,-1,SMAD2
CDK2,-1,PPP1CA
LCK,1,CD28
CSNK2A1,1,APEX1
CDH2,1,CDON
PBK,1,HDAC2
MCF2,1,RAC1
CTNND1,1,VAV2
PIM1,1,SMAD2
RASSF1,1,STK4
MAPK1,1,RCAN1
MDM2,-1,HDAC1
PINK1,1,HDAC3
CASP1_NAIP_NLRC4_PYCARD,1,CASP1
LCK,1,PTEN
CHKA,-1,SRC
PLK1,-1,FOXO3
SRC,-1,TP53
PRKCA,-1,ARHGDIA
PRKCA,1,FMNL2
SGK1,1,MAPK1
FCRL3,1,PTPN11
NEDD4L,-1,KCNH2
CUL1_FBXW7_SKP1,-1,DLGAP5
SYK,1,BTK
PRKCD,-1,EIF4EBP1
GSK3B,1,PRKCE
NRXN1,1,DAG1
MAPK8IP2,1,MAP2K7
RIPK3,-1,TRIM28
JAK2,1,EGFR
VHL,-1,CARD9
MAP2K4,1,MAPK14
PPM1A,-1,CDK9
SH3RF1,1,HERPUD1
PRKCQ,-1,KDM1A
RAF1,1,XIAP
PIK3AP1,1,PIK3CA_PIK3R1
RPS6KA3,-1,NFKBIA
SGK1,-1,BRAF
KHSRP,1,SRC
BUB1B_BUB3_CDC20_MAD2L1,-1,ANAPC1_ANAPC10_ANAPC11_ANAPC13_ANAPC2_ANAPC4_ANAPC5_ANAPC7_CDC16_CDC23_CDC26_CDC27
AKT1,1,TTC3
STK11,1,MELK
STK11,1,PRKAA1
GRIN1_GRIN2C,1,CAMK2A
STUB1,-1,EIF4E
ATR,1,ATRIP
MET,1,PTK2
CASP3,-1,GSN
PPP2CB,-1,IKBKB
RET,1,MAPK3
SRC,-1,ERRFI1
SRC,1,FOXM1
SRC,1,IRF3
SRC,1,KDR
SRC,1,KHDRBS1
SRC,1,PTK7
SRC,1,VAV1
SRC,-1,VHL
GNG12,1,AKT2
SRC,1,ZAP70
STK24,-1,PTPN12
SYK,1,EZR
TEK,1,STAT1
ATR,1,CCAR2
PPP2CB,-1,TRAF2
ABL1,1,TARDBP
CDK5,1,SYNGAP1
ATM,1,ZFHX3
CAMK4,-1,GSK3B
BTRC_CUL1_SKP1,-1,WWTR1
CDK1,-1,STIL
CDK2,1,PARP1
CDK2,-1,PTPN6
RNF5,-1,PXN
GSK3A,-1,STAT2
CDK5,-1,DLG4
CDK5,-1,DLGAP1
CDK5,1,DYNLL1
PRKAA1_PRKAA2_PRKAB1_PRKAB2_PRKAG1_PRKAG2_PRKAG3,-1,PRMT6
CDK5,1,ERBB2
CDK6,-1,PKM
CHEK1,-1,BAD
LEF1,1,ALX4
CDK8,-1,SMAD1
CHKA,-1,CTNNB1
OXTR,1,GNAS
CSK,1,MDM2
EGFR,1,FUS
EGFR,1,PARP1
FOXO1,-1,STAT3
MAPK1,-1,THRB
FGFR1,1,PDPK1
FGFR3,1,MAP3K7
GSK3A,-1,NOL3
GSK3B,1,IRF3
GSK3B,-1,IRS1
GSK3B,-1,NFATC1
DUSP6,1,FOXO1
BARD1,-1,ESR1
GSK3B,-1,PTTG1
HIPK2,1,CREBBP
HIPK2,-1,MEF2C
IKBKB,1,GLI1
IKBKE,1,TRAF2
FERMT3,1,FBLIM1
JAK2,1,BTK
JAK2,1,ERBB2
LCK,1,STAT3
LRRK2,1,EZR
LYN,-1,CDK2
EGFR,1,LYN
LYN,1,EGFR
CASP1,-1,RNF31
RNF31,1,CASP1
CSNK1D,1,DVL2
PIK3CA_PIK3R1,1,PIK3CB
MAP2K1,1,HSF1
ITCH,1,TNFAIP3
MAPK7,1,NR4A2
WNT1,1,FZD6
MAPK1,1,SP1
FHOD1,1,ACTB
PRKCB,1,EEF1A1
SIK2,-1,CRTC2
MAPK7,1,RPS6KA3
MAPK8,-1,E2F1
MAPK8,1,TP73
MAPK9,1,BID
MAPK9,1,SRC
AP1G2,1,NEDD4
NEDD4,1,AP1G2
CBLB,-1,STAT6
PTPN5,1,MOB1B
MYOD1,1,ACTL6A_ARID1A_ARID1B_ARID2_SMARCA4_SMARCB1_SMARCC1_SMARCC2_SMARCD1_SMARCE1
YWHAQ,-1,CDC25C
ITCH,-1,CD274
CSNK2A1,1,CDC25B
MARK3,-1,KSR1
MELK,1,PTK2
NEK2,1,SUFU
PPP3CB,1,BAD
HIPK2,-1,PPM1D
NTRK1,1,CTNNB1
NTRK2,1,PLCG1
PAK1,-1,FOXO1
PAK4,-1,ARHGEF2
SGK1,1,SP1
PDK1,1,AKT2
PIM1,1,MYC
PLK1,1,RBBP8
SIRT7,1,H3-4
PRKCA,1,PTPN1
PRKCD,-1,CNTNAP1
PAK3,-1,SORT1
SRC,-1,PTP4A3
PRKCI,1,GLI1
PRKD1,-1,CXCR4
PRKD1,-1,DYNLL1
PRKD1,-1,TFAP2B
WNT5A,1,FZD3
AKT1,1,VCP
PTK2,1,ARHGEF28
PTK6,-1,CDC73
PTK6,1,CNTNAP1
RET,1,PRKDC
RET,1,STAT1
TBK1,-1,RIPK1
ROR1,1,ERBB3
SGK1,1,STAT1
PRKG1,1,SRF
ASAP3,1,ARHGEF6
GRK2,1,NTSR1
SGK3,1,TSC2
SLK,1,TP53
SRC,1,AURKA
SRC,-1,LRP6
SRC,1,NTRK1
PPP2R5C,1,TP53
RPS6KA3,1,TRAF6
EGFR,1,CTNNB1
SRC,1,SMAD3
STK4,1,GAPDH
EIF2AK2,-1,IRS1
CAPN1,1,CDK5_CDK5R1
TNK2,1,WWP2
CSNK2B,1,SEC63
STK4,-1,SAFB
SYK,1,STAT3
TBK1,1,METTL3
TLK1,1,NEK1
IKBKB,-1,FOXO3
MAML1,1,CDK8
PAK1,1,MID1
PRKCE,1,KAT5
PTK2,1,ARHGEF12
FZD2,1,DVL3
MAP2K6,1,MAPK10
SYK,-1,CDC25C
TNK2,1,STAT3
CCT2_CCT3_CCT4_CCT5_CCT6A_CCT7_CCT8_TCP1,1,MYC
AURKB,-1,CDCA2
PTK2B,1,CTTN
MAPK3,-1,HNRNPK
TNK2,1,STAT1
TTK,1,MDM2
HCK,1,RAPGEF1
CDK1,-1,CDC20
CDK2,-1,CDC20
CDK5,1,CTNND2
CHEK1,-1,CDKN1A
EGFR,1,DOCK1
FGR,1,SYK
MARK2,-1,KSR1
IKBKB,1,NCOA3
IKBKB,-1,TRIM23
LRRK2,1,NLRC4
MAPKAPK3,1,BECN1
PLK1,-1,NUMA1
PLK1,1,RPTOR
DYRK2,1,HSF1
PRKCD,-1,SRF
PTK6,-1,CBL
RPS6KA3,1,H2AX
TTK,-1,ARHGEF17
AURKA,-1,GSK3B
AURKB,1,PLK1
CAMK1,1,ARHGEF2
CDC7,1,CLSPN
TNK2,1,AKT1
PRKCZ,1,PSEN1
CDK5,1,MAPK7
CDK5,-1,SOX6
MAPK14,1,RUNX2
JAK2,1,CSF2RA_CSF2RB
EPHA3,1,AR
GSK3B,1,KLF6
HCK,1,GLI1
MELK,-1,FOXO3
MST1R,1,CTNNB1
PAK1,-1,ATF2
CCNB1_CDK1,1,MAPK6
SGK1,-1,MAP3K3
GRIPAP1,1,MAPK8
GSK3B,1,HDAC3
PRKCA,-1,DOCK8
DYRK1B,-1,CCND1
MAPK1,1,GRB10
CDON,1,SPAG9
ABL1,1,PCNA
ARAF,-1,SMAD2
CAMK2A,-1,ETS2
PRKCZ,1,GRM5
ATM,1,CDKN1B
BUB1B,1,APC
CHUK,1,NPM1
SMAD2_SMAD4,1,FOS_JUN
CDK2,-1,NR1I2
CDK2,1,TTK
CDK5,1,NOTCH1
CDK5,-1,NR1I2
CHEK2,-1,NEK6
EPHB3,-1,CDKN1B
CDK5,1,ERBB4
CHUK,-1,CDKN1B
ERBB2,1,ABL1
FER,1,PTK2
FYN,1,NTRK1
DUSP6,-1,MAPK7
IL15RA,1,JAK3
MAP3K11,1,PAK1
MKNK1,-1,SPRY2
ANAPC1_ANAPC10_ANAPC11_ANAPC13_ANAPC2_ANAPC4_ANAPC5_ANAPC7_CDC16_CDC23_CDC26_CDC27,-1,MOAP1
MAPKAPK5,1,JUN
PLK1,1,SPAG5
PRKCE,1,PTPN7
SRC,1,PIK3C3
STK4,1,H2AX
PRKCA,1,KDM1A
PRKCD,-1,CEBPA
SMO,1,KIF7
PTK2B,1,STAT3
SIK3,-1,HDAC4
FBXO4,1,CUL1_RBX1_SKP1
RBPJ,1,HES1
TEC,1,MAF
SRC,1,NEDD4
GSK3B,-1,CLASP2
MINK1,1,PRICKLE1
VPS39,-1,SMAD3_SMAD4
PPP2CA,-1,MAPK15
AURKB,1,MYC
BCR,-1,PPARG
GSK3B,1,PAX3
CDK5,-1,PPP1R9B
CDK7,1,CDK9
CHEK2,1,CDK11B
CSNK1A1,-1,RAPGEF2
ARHGEF28,1,RHOA
FYN,1,KHDRBS1
PBK,-1,PTEN
MAPK1,1,SPHK2
ATR,-1,PARP1
GRK2,-1,ADIPOR1
GSK3B,-1,STK38
HIPK2,-1,MDM2
AURKA,1,ESR1
CAMK4,1,HMGB1
NLGN2,1,NRXN2
MAPKAPK5,1,FOXO3
MET,1,PARP1
NEK2,-1,CEP68
PAK4,1,ESR1
PRKCE,1,RHOA
NFKB1_RELA,1,EGR1
F2RL1,1,GNAS
CREBBP_EP300,1,SMAD1
PRKCE,-1,STXBP1
RAF1,-1,RB1
ROCK2,1,EP300
STK38,-1,CDC25A
TGFBR1,1,ACVR1
ATM,1,APLF
ATR,1,DCK
PTPRJ,1,EGFR
AURKA,1,EIF4E
AURKB,1,CASP2
BMX,1,STAT3
MMP14,-1,FGA
ATM,1,CSNK1D
ATM,1,RNF138
CDK1,-1,HEXIM1
MC4R,1,GNAI3
GRK5,-1,BDKRB2
CDK2,1,SIRT1
CDK5,1,CTNNB1
CUL1_RBX1_SKP1,-1,SQSTM1
DAPK1,-1,RIGI
EGFR,1,ZNRF1
YWHAQ,1,GEM
GSK3B,-1,IKBKG
GSK3B,1,OGT
IKBKB,-1,BCL2L1
LRRK2,1,BCL2
MAP3K3,1,SQSTM1
MAP4K4,-1,TRAF2
MAPK1,-1,SHANK3
MAPKAPK2,-1,HSF1
MELK,-1,FOXO1
SMAD3_SMAD4,-1,CEBPB
MARK2,-1,TNK1
MELK,1,SQSTM1
PAK6,-1,CTNNB1
PIM1,1,RUNX3
EGFR,-1,CALM2
PLK1,-1,DNMT3A
SMURF2,-1,YY1
PRKCA,-1,ULK1
PRKD2,-1,SET
STUB1,1,CARD11
PRKDC,1,ESR1
HCK,1,STAT3
DAB2IP,1,PPP2CA_PPP2R1A_PPP2R2B
PRKDC,-1,IKBKG
PRKD1,-1,BAD
PLK1,1,PRKDC
AURKA,-1,SKI
SRC,1,ARHGEF5
NEDD4,1,PPARG
RPS6KA3,1,TP53
RPS6KB1,-1,MAPKAP1
SRC,-1,CNTNAP1
PRKCD,1,CTTN
ITCH,-1,FOXO1
STK4,-1,SIRT1
SKP1,1,CUL3_RBX1_SKP1
ABL1,1,CLASP2
PRKACA,-1,STK38
ATM,-1,EZH2
CHKA,-1,MDM2
NEK9,-1,MAP1LC3B
BMX,-1,F2R
BRAF,-1,NIBAN2
CDK8,1,YAP1
SRC,-1,ARHGDIA
EGFR,-1,SQSTM1
CHKA,-1,DEPTOR
NEDD4,1,BECN1
CHUK,1,MTOR
DYRK1B,-1,NKX3-1
EIF2AK2,1,STAT3
MKNK1,1,PNPLA8
GSK3B,1,MAP3K11
GSK3B,-1,SOX10
GSK3B,1,ZBTB16
ITK,1,GNA13
LATS1,1,FOXL2
SRC,1,CASP9
LRRK1,1,RAC1
MAP3K1,-1,NOTCH1
PRKCD,-1,DAB2
HUWE1,-1,CHEK1
MAP3K7,1,RIPK3
CDK1,-1,HMGA2
CDK1,1,FOXK2
TRAF6,-1,IL1R1
STK4,1,STK38
PDGFRB,1,GRK5
PIM1,1,NOTCH1
PINK1,1,MAP3K7
CAMK1,-1,NOS1
CDK5,-1,CDH1
PRKACA,-1,MAVS
PRKCD,-1,APC
PRKD2,-1,BCL6
RPS6KA1,1,CDKN1B
RPS6KB1,1,PPP1R1B
SRC,1,MYD88
LYN,1,CD79A_CD79B_P0DOX3_P0DOX8
SRC,1,TLR4
STK4,1,LAT
TBK1,1,HDAC3
ULK1,1,PRKN
DAB2IP,-1,HRAS
BTK,1,STAT5A
PRKACA,1,PPP2R5D
ABL1,1,SYK
AKT1,-1,BECN1
TYRO3,-1,FOXO3
ABL1,1,PPARG
CDK5,-1,SYNJ1
ULK1,1,PIK3C3
CDK2,-1,SMAD2
HCK,1,ADAM15
APOA1,1,APOE
CDK5,-1,CDKN1B
CDK5,1,CREB1
CDK5,1,SIRT2
MAPK8,-1,NR4A1
CDK9,1,ACTL6A
CHEK1,-1,E2F7
CHEK2,1,INCENP
CHUK,1,ESR1
CHUK,1,TP73
EIF2AK2,1,MAP2K6
CSNK1E,1,PPP1R1B
DAPK3,1,STAT3
EPHA2,1,PLCG1
EPHB1,1,STAT3
FER,1,STAT3
FGFR4,-1,STK4
GSK3B,-1,CTNND2
GSK3B,1,IFNGR1
GSK3B,-1,MYCN
GSK3B,-1,PPARGC1A
GSK3B,-1,PTPN1
BNIP2,1,CDC42
PRKCA,1,CBL
NEDD4,-1,SQSTM1
PDPK1,1,SGK3
PRKACA,-1,GSK3B
SGK1,-1,GLI1
CHEK2,-1,TRIM28
CHUK,1,STAT1
CSNK1A1,1,PRMT1
ROCK1,1,PDPK1
FGFR2,1,GRB2
FYN,1,PRKCD
FYN,1,ZDHHC5
GRK5,-1,CXCR4
PAK1,1,GNAZ
ADAM10,1,CDH1
GSK3B,1,SIK1
MAPK1,1,PBK
MAPK1,-1,PHF8
MAPKAPK5,1,PARK7
PIK3CG,1,SRC
PIM1,-1,PLK1
BTRC,-1,ATF2
PRKCA,-1,FBXW7
PRKAA1,-1,HDAC5
PDGFRB,1,PTK2
SRC,1,MAPKAPK5
SRC,1,TIAM1
TBK1,-1,CDC20
TBK1,-1,MAP3K14
ABL1,1,PAX7
AKT1,1,PTK2
AKT1,1,SMURF1
AKT2,1,HSF1
GSK3B,-1,BCL2
PPP1CB,1,MDM2
MAD2L1BP,-1,BUB1B_BUB3_CDC20_MAD2L1
CBX4,-1,ZEB2
ACVR2A,1,SMAD2
AKT1,1,EPHA2
HIPK2,1,CREB1
ATM,1,UCHL3
ATM,1,USP10
AXL,1,YES1
AURKA,-1,VHL
IKBKB,-1,RAPGEF2
AKT2,-1,HSPB1
TRADD,1,BIRC2
ATM,-1,LARP7
ALDH2,1,HDAC3
PLK1,1,NPM1
GRK5,-1,SNCB
ERBB3,1,PIK3CA_PIK3R1
RAD21,-1,ERG
CDK1,1,BUB1
MAPK1,-1,TOB1
USP28,1,CDH1
S1PR1,1,GNAZ
PLK1,-1,ZMYM2
TRAF6,-1,RUSC1
GRK2,-1,OPRD1
TM4SF1,1,DVL2
JAK2,-1,EZH2
CHEK2,1,TRIM32
IRAK1,1,STAT3
EGFR,1,GSTP1
F2RL2,1,GNAI3
TP53INP1,1,GABARAPL2
TRAF6,-1,MAP1LC3B
SIK1,-1,CRTC3
TRIM25,-1,MAVS
CUL1_RBX1_SKP1,-1,CCND1
F2R,1,GNAI1
PDPK1,1,AKT3
MAPK14,1,GATA2
ASB2,-1,FLNA
TELO2,1,AKT1S1_DEPTOR_MLST8_MTOR_RPTOR
ITCH,-1,BCL10
CDK5,-1,CAMKK2
NCOR2,1,SPEN
CSNK2A1,1,EIF4G2
TSC1,-1,RHEB
CDK1,-1,MYOD1
TARDBP,-1,GSK3B
AREL1,-1,DIABLO
SMO,1,SRC
SRC,1,CHUK_IKBKB_IKBKG
MCF2,1,CDC42
MAPK14,1,FOXC1
PPM1D,-1,RPS6KA3
TLX1,-1,PPP2CA
GSK3B,1,NOTCH1
SRC,1,ANXA1
ATR,-1,SIAH1
PPP1CB,-1,AXIN1
CCNF,-1,CCP110
IKBKB,1,TMIGD2
RPS6KA3,-1,MAP3K5
PPP2CB,-1,PAK1
CDK1,-1,VCPIP1
HRAS,1,ARAF
ZDHHC5,1,S1PR1
PRKACA,1,CSK
MID1,-1,PTPN1
TDP2,1,TRAF6
TRAF6,1,TDP2
CREBBP_EP300,1,KLF1
DTL,-1,TDG
MAP3K3,1,MAP2K4
MVD,1,RAC1
AKT1,1,ESR1
TRAF6,1,LAT
ANAPC1_ANAPC10_ANAPC11_ANAPC13_ANAPC2_ANAPC4_ANAPC5_ANAPC7_CDC16_CDC23_CDC26_CDC27,-1,CDR2
PAK2,-1,MYC
CAMK2A,-1,GFAP
CSNK2A1,-1,CDC34
CAPN2,-1,F2RL1
PPP2CB,-1,MAPK1
DOK1,-1,ITGB8
PTK6,1,ARHGAP5
SRC,1,WWOX
STK38L,-1,ULK1
PIM1,-1,MARK3
OPRM1,1,GNAZ
GNAS,1,PIK3R1
AREL1,-1,PIAS4
TNK2,1,AR
ABL1,1,MYC
SRC,-1,RUNX3
INSR,1,IRS4
CDK16,-1,CDKN1B
SGK1,-1,APBB1
EGFR,1,IKBKE
HTR2B,1,GNAI1
ATM,1,TAOK1
ATM,1,ITCH
UBE2A,1,PCNA
DVL1,-1,APC
CDK1,-1,ATAD5
CBL,-1,PDGFRB
CCNA2_CDK2,1,CDC7
PTK6,-1,CTNNB1
RPS6KA1,1,NHERF1
FGFR3,1,STAT3
STK3,1,MOB1B
PLK1,-1,SNCB
CSNK2A1,-1,HMGN1
PIM1,1,CDC25C
PRKCD,-1,HDAC5
NME1,-1,KSR1
PRKCG,-1,HABP4
MAP2K7,1,MAPK13
PRKCE,1,IKBKB
EGFR,1,ASAP3
LYN,-1,CDKN1B
GRK5,1,LRP6
CAMK2A,-1,RCHY1
VRK1,1,JUN
PTPRF,-1,RET
NEK2,1,CDC20
SH3GLB1,1,BECN1
PRKACA,-1,PPP1R9B
RHEB,1,PLD1
PRKCD,1,CARD9
AXIN1,-1,SMAD7
PIH1D1,1,AKT1S1_DEPTOR_MLST8_MTOR_RPTOR
CDK6,-1,RBL2
PTK6,1,PTK2
CCNB1_CDK1,1,RUNX1
PIM1,1,CXCR4
PRKCD,1,FGF1
MMP14,-1,FGG
PRKCE,-1,GAD1
CDC25C,-1,MAP3K5
SYK,-1,USP25
FAS,1,MAP3K5
MAPK3,1,E2F1
AURKA,1,CTNNB1
TRPM7,1,PLCG2
HSP90AB1,1,AR
SGK3,-1,GSK3B
CASP8,1,CASP3
PRKCA,-1,CTNNB1
CAMKK1,1,CAMK1
STK4,1,BECN1
MAPK1,-1,GSK3B
IRS1,1,PIK3CA_PIK3R1
GSK3A,1,PPARA
PRKCQ,1,GRM5
PIK3CA_PIK3R1,1,AKT1
MAPK1,-1,PPP2R5C
CBL,-1,NCK1
CSNK2A1,-1,PML
FYN,1,PTPRJ
PRKACA,1,HDAC5
MAPK14,1,PAK6
SPDYA,1,CDK2
CSK,-1,FGR
PRKN,-1,SEPTIN4
PIK3CA,1,BTK
CDK9,-1,SMAD1
CDK5,1,TLN1
PRKCA,1,GSTP1
CUL1_RBX1_SKP1,-1,SMURF1
ACOX1,-1,TP73
EGFR,-1,CALM1
LRP6,-1,APC_AXIN1_GSK3B
MC4R,1,GNA12
PAK4,1,SYNJ1
MAPK3,-1,CASP8
PPP2CA,-1,NFKB1_RELA
KIT,-1,SLA
HTR1B,1,GNAI1
HSPA1A,1,FLCN
CHUK,1,BCL3
PTPRR,-1,PXN
EGFR,-1,CALM3
ROCK1,-1,GFAP
ARHGEF25,1,RHOA
PTPN6,-1,STAT3
MAPK1,1,NR4A1
PPP2CA,-1,MAPK1
FZD3,1,RHOA
PPP1CC,-1,TP53
RPS6KA3,-1,HMGN1
GNRHR,1,GNAL
CDKN2A,-1,CDK2
SOCS1,-1,JAK3
GNA12,1,ARHGEF12
PRKCD,1,IL6ST
USP22,1,SIRT1
TAX1BP1,-1,TRAF3
SMURF1,-1,TRIB2
PRKAA1,-1,CTBP1
BTRC,-1,YAP1
SRC,1,PTPN6
MAPK3,1,RPTOR
EGFR,-1,SPRED1
ANKRD28,1,PPP1CC
APC2,1,APC_AXIN1_GSK3B
AKT2,-1,TSC2
HCK,-1,TBK1
PRKCE,1,TICAM2
CARM1,1,PAX7
ABL1,1,CEBPB
ABL1,-1,UBE3A
RIPK3,1,MLKL
STIL,1,PIN1
APH1A_NCSTN_PSEN1_PSENEN,1,NOTCH4
PTPN2,-1,MET
PPP1R14A,-1,PPP1CB
GSK3B,-1,EZH2
PTPN1,1,CTTN
NFYA,1,SP1
PPP2CB,-1,AKT1
CLASP2,1,IQGAP1
TGFBR2,1,PIK3CA_PIK3R1
NRAS,1,PIK3CB
OXTR,1,GNAL
CCNB1_CDK1,-1,WEE1
GRM7,1,GNAS
MAPK9,-1,TOB1
DLG3,1,GRIN1_GRIN2B
ATM,1,HNF1A
PRKDC,1,IRF3
CASP6,1,PSEN1
CAMK4,-1,HDAC4
SMO,1,GNAI3
PPP1CA,1,WWTR1
PAK1,-1,ARHGEF2
AURKB,1,YY1
AKT1,-1,PTPN1
PRKACA,-1,ARHGAP17
PTK6,1,ARAP1
DLGAP5,1,DLG4
PPP2CA,-1,DOCK6
RPS6KA2,-1,NR4A1
MAML1,1,TP53
CHUK,1,NCOA3
TLK1,1,MAPKAPK5
SDC4,1,RAC1
PLK1,-1,ESPL1
PRKCE,-1,CTNND1
PDPK1,1,PGK1
MAP2K3,1,DYRK1B
PRKCA,1,SDC4
AMBRA1,1,PPP2CB
PRKCE,1,PPP1R14A
HTR7,1,GNAL
CD247_CD3D_CD3E_CD3G,1,ZAP70
HTRA2,-1,PEA15
DOCK1,1,RAC1
PRKCD,1,BLVRA
CDK5,1,DNM1
KAT2B,1,MYOD1
PRKCQ,1,HSF1
MAPK13,1,TP53
MAPK3,-1,FGFR1
GNG12,1,PIK3CA_PIK3R1
CDK2,1,CDKN2D
MAPK8,1,JUNB
MAPK1,1,PML
AURKA,1,PARD3
PPM1D,-1,BAX
PPP3CB,-1,FLNA
ITGB4,1,PIK3CA_PIK3R1
PRKAA1_PRKAA2_PRKAB1_PRKAB2_PRKAG1_PRKAG2_PRKAG3,1,CHKA
HTR6,1,GNAI1
HDAC3,1,E2F1
SRC,-1,ITGAL
GSK3B,1,NFKB1
TSHZ3,1,HDAC1
DDX3X,1,SP1
MAPK3,-1,PAK1
SRC,1,PAK2
WDR62,1,MAP2K7
GRIPAP1,1,MAP3K1
CDK4,1,TOB2
CDC25A,1,FOXO1
GRK5,1,ADRB2
PLK1,1,CEP192
MTOR,1,ELP1
INSR,1,PTK2
CUL2_ELOB_ELOC_RBX1_VHL,-1,PRKCI
SMURF2,-1,TGFBR2
CSF2,1,CSF2RA_CSF2RB
SKP2,1,CUL1_RBX1_SKP1
DVL1,1,RHOA
CSNK1A1,1,ZRANB1
PTPN6,-1,KCNH2
PTPN5,-1,GRIN2A
MAPK8IP1,-1,RBPJ
PIK3AP1,1,PIK3CG
TYK2,1,DUSP3
CDK2,1,FOXM1
KPNA2,1,IRF3
PPP2CA,1,FOXO3
USP4,1,BRAP
MET,1,GRB2
HSP90AA1,1,AR
PTPN12,-1,BCAR1
KSR1,1,BRAF
BRSK1,-1,CDC25B
BTRC_CUL1_SKP1,-1,CDC25B
INSR,1,PIK3CA_PIK3R1
RAD21,-1,RUNX1
NLK,-1,RPTOR
BECN1,1,USP13
USP13,1,BECN1
IKBKE,-1,IRF1
CALM1,1,PPP3CA_PPP3R1
DRD1,1,GNAI1
SRC,-1,CHRNA7
MAPK8,1,ARHGAP8
PRKCQ,1,ICAM3
CEP152,1,CDK2
NR3C1,1,DUSP1
CDK5,1,TP53
PLK1,1,PTPN1
EGFR,1,PTK2
CUL3_RBX1_SKP1,1,AURKA
PTPN11,1,HRAS
AKT1,1,DOCK6
ABL1,1,MAP4K1
CAPN2,1,GSK3B
SOX6,-1,CTNNB1
TBXA2R,1,GNA13
PRKD2,1,HDAC5
CUL2_ELOB_ELOC_RBX1_VHL,-1,VAV1
MAPK3,1,SPHK2
XIAP,-1,OGT
FZD1,1,DVL1
CTNNB1,1,MYOD1
VEGFA,1,KDR
MAPK1,-1,GABBR1
APC_AXIN1_GSK3B,-1,PSEN1
SIRT6,1,TNF
MAPK1,-1,ESPL1
PPP1CC,-1,AXIN1
OPHN1,1,RHOA
ACVR2A,1,ACVR1B
HIPK2,1,CBX4
PPM1D,1,MDM4
PTPN11,1,NRAS
PRKD1,-1,CTTN
DOCK6,1,CDC42
TTK,1,MAD2L1
PPP2CA,1,CTNNB1
PKN1,-1,EGFR
PRKCD,-1,YWHAZ
MTNR1A,1,GNAI1
NUMB,-1,GLI1
PRKCD,-1,SHOC2
EP300,1,RUNX2
PIM1,1,HBP1
FBXW8,-1,IRS1
CAPN3,1,CDK5R1
DDX3X,-1,EIF4E
TBL1XR1,1,AR
MAP2K4,-1,RXRA
PPP2CA,-1,RPS6KB1
GABARAP,1,AKT1S1_DEPTOR_MLST8_MTOR_RPTOR
HES1,-1,NR3C1
CREBBP_EP300,1,MYOD1
GNG3,1,PIK3CA_PIK3R1
PLK1,1,PLEKHG6
ARHGEF1,1,RHOA
PRKACA,-1,UBE3A
ITGA2B_ITGB3,1,FGG
GNAS,1,APC_AXIN1_GSK3B
ASH2L_DPY30_KMT2D_RBBP5_SETD1A_SETD1B_WDR5,-1,H3-4
SRC,1,PLEKHG2
PPP5C,-1,RAF1
ROCK1,1,MAPK8IP3
PRKG1,1,RGS2
BMPR1A,1,FAM83G
GSK3B,1,BORA
AKT2,-1,FOXO3
SRC,1,ESR1
CDK2,-1,GRK2
PTPN18,-1,ERBB2
MAPK1,1,NCOA1
PRKCA,1,TP53
CDK2,-1,CCP110
IL6ST,1,YES1
APH1A,1,PSEN1
GSK3B,-1,GLI2
CSNK2A1,1,YY1
ITGB1BP1,-1,ITGA2B_ITGB3
CDK1,1,RECQL4
PRKCZ,-1,MARK2
NF2,1,LATS1
PPP1CA,1,BRAF
CSNK1A1,1,APC_AXIN1_GSK3B
NOTCH2,-1,TRAF6
PPP2CB,-1,AKT3
MIF,1,CXCR4
MAPK1,1,IER3
EIF2AK2,-1,CDK1
MTNR1B,1,GNAI1
JAK2,1,TET2
MAP2K6,1,MAPK9
FUS,-1,DHX9
MAPKAPK2,1,BECN1
OPRM1,1,GNAI1
SMO,1,GNB3
FZD5,1,DVL3
LYN,1,PTPN6
ZFP36,-1,MYOD1
PJA2,-1,PRKAR2A
SGK1,-1,MKNK1
CDK8,-1,CCNH
GRK2,-1,IGF1R
PRKCQ,-1,HABP4
SUN1,1,SPDYA
MTA1,-1,COP1
PPP2R5B,-1,BCL2
COP1,-1,MTA1
MYCBP2,-1,TSC2
SET,-1,PPP2CA
EIF2AK2,1,CASP1_NLRP3_PYCARD
AKT1,-1,BAX
STK11,1,BRSK2
PRKCA,1,GNAZ
CUL1_FBXW7_SKP1,-1,GATA2
PPP2CA,-1,STK3
HDAC1,1,FLI1
SIRT1,-1,NOTCH1
PTPRC,1,LCK
EIF2AK2,-1,NFKBIA
CDC20,1,UBE2S
APH1A_NCSTN_PSEN1_PSENEN,-1,DSCAML1
CSNK2A1,-1,DNMT3A
WWP2,-1,PTEN
IGF1R,1,PIK3CA_PIK3R1
TTC5,1,EP300
AKT1,-1,TSC1_TSC2
DUSP2,-1,MAPK6
PLK1,-1,CASP8
MAPK12,1,MYOD1
CAMKK1,1,CAMK4
PRKCA,1,CSNK1D
ADIPOR2,1,APPL1
RASGRF2,1,RHOA
MAPK3,-1,RXRA
PAK1,1,MAP3K1
BMPR1A,1,SMAD1
CDK2,1,TP53
SYNJ1,1,MYO1E
CAPN1,1,GSK3A
BMPR1A,1,BMPR1B
PTK6,1,BCAR1
F2R,1,GNAZ
MAPK1,1,NR4A2
BAMBI,1,FZD5
FYN,1,DCC
PTPN1,-1,PTK2
PRKACA,-1,HSPB6
RNF11,1,ITCH
CSNK2A1,1,KDM1A
RACK1,1,PPP2CA
G3BP2,-1,NFKBIA
TEC,1,BMX
IL11,1,IL6ST
MECP2,-1,MET
SYK,-1,PAX5
PRKCG,1,VTN
CDK2,1,BRCA1
CDK1,-1,CREM
CDKN1B,-1,CCNE2_CDK2
CAMK2A,-1,PTTG1
PPP2CB,-1,CHEK1
MAPK8,1,AKT1
CHEK1,1,NEK11
PPP5C,-1,CILK1
CDON_SPAG9,1,MAPK14
PRKD1,1,FAM83G
PPP2CB,-1,RALA
CCNB1_CDK1,-1,TSC1
MAPK12,-1,CARM1
RUSC1,1,IKBKG
AXIN2,1,APC_AXIN1_GSK3B
TFAP2B,1,TP53
BDKRB2,1,GNAQ
CDK1,1,SYN3
SYN1,1,ACTB
KAT2B,-1,H3-4
PPP2CA,-1,CARD11
SIK2,-1,EP300
MAPK14,-1,RBPJ
MC4R,1,GNAS
AKT2,1,CTNNB1
CCNH_CDK7_ERCC2_ERCC3_GTF2H1_GTF2H2_GTF2H2C_2_GTF2H3_GTF2H4_GTF2H5_MNAT1,-1,AR
USP10,1,TP53
PPP2CA,-1,MAPK3
KRAS,1,PIK3CG
PRKCA,1,LRRK1
SMO,1,FYN
ADRA2A,1,GNAI1
LRP6,1,DVL1
CDK5,1,VRK3
PDPK1,1,MAP2K2
AKT2,-1,PPARGC1A
STK4,1,MOB1B
SMO,1,GNAI2
CCNB1_CDK1,-1,MEF2C
CCNB1_CDK1,1,CC2D1A
MAPK10,-1,YWHAZ
AREL1,-1,HTRA2
PRKAA1_PRKAA2_PRKAB1_PRKAB2_PRKAG1_PRKAG2_PRKAG3,-1,HIPK2
HSP90AB1,1,NOD2
MTOR,1,STAT3
FLT3,1,SHC1
CDK1,1,KHDRBS1
TBXA2R,1,GNAI1
HTR2C,1,GNAI3
MAPK8,-1,SARM1
CSNK2A1,1,VTN
MAP3K7,-1,KSR1
AKT1,-1,STK4
WWTR1,-1,DVL1
PPP1CA,-1,SP1
PRKCA,-1,ADRA1B
MAPK3,-1,GRK2
CDK1,1,KMT5A
MDM2,-1,CDKN1A
MAPK1,-1,SMAD1
ACVR1,1,VPS39
AKT1,1,TWIST1
DDX5,1,AR
MAPK8,1,TP53
DOK1,-1,ITGB6
APPL1,1,STK11
TNKS,-1,AXIN1
BRIP1,1,BLM
JAK2,1,ITGB2
ITGB1BP1,-1,ITGAV_ITGB3
F2RL2,1,GNAI1
DDX3X,1,PABPC1
ZEB2,1,CTBP1
CTBP1,1,ZEB2
PLK1,-1,CEP68
AKT2,1,BCL3
PTPN2,-1,SRC
TNKS,1,TARDBP
EDNRA,1,GNAQ
DAB2,-1,LRP6
CAMK2A,1,CYLD
ABL1,-1,PRDX1
CSNK1D,1,PPP5C
UBE2D1,1,MPG
PRKCA,-1,HABP4
NEK6,1,STAT3
STUB1,-1,ERBB2
CDK7,1,CDK2
STK11,1,NUAK1
ITCH,-1,EGFR
RNF4,1,NFYA
BCR,-1,RAC1
STK11,1,MARK3
TLK2,1,ASF1A
F2RL2,1,GNAO1
RAB7A,-1,NTRK1
PTPRJ,-1,FLT1
HSP90AA1,1,TGFBR2
CSNK1A1,-1,BHLHE40
NSD2,1,AR
CCNB1_CDK1,1,AKAP12
PRKN,-1,BAX
PTPN1,-1,KDR
MAD2L1BP,1,TRIP13
CASP3,-1,KDM4C
PHF8,1,TOPBP1
LCK,1,DOK1
CDC20,-1,PHF8
F2R,1,GNAQ
PTPN6,-1,PTK2B
GNGT1,1,PIK3CA
SMURF1,-1,CTNND1
AURKB,-1,TP53
PRKAA1,1,PPARGC1A
CSNK2A1,1,SRF
FYN,1,PLCG2
RBPJ,1,PAX7
CSNK2A1,-1,EGR1
RPS6KA5,-1,BAD
PRKACA,1,PIM1
LYN,1,PRKCD
PRKCD,-1,FLI1
CDK2,-1,TP63
GRK2,-1,TBXA2R
EREG,1,EGFR
NEK1,-1,VHL
KDM4C,-1,H3-4
PPP2CA,1,PTTG1
PTPN12,1,ARHGDIA
PTEN,-1,CREB1
CDK5_CDK5R1,1,TP53
RNF41,-1,ERBB3
GRIN1_GRIN2D,1,DLG4
ULK2,-1,PRKAA2
MAP2K7,-1,IRS1
MAF,-1,MYB
SGK1,-1,TSC2
CHUK_IKBKB_IKBKG,-1,NFKBIA
MAP4K4,-1,PIK3CA
MAP3K7,1,RAB1A
PRKCG,1,DAB2
PRKAA1_PRKAA2_PRKAB1_PRKAB2_PRKAG1_PRKAG2_PRKAG3,-1,CTBP1
CUL1_RBX1_SKP1,-1,MYOD1
MAPK8,-1,WDR62
CSNK2A1,-1,CARD9
SRC,1,EZR
CASP8,-1,RNF31
PRKCD,-1,PTPN22
PRKCD,1,SHC1
MAPK14,-1,FGFR1
GNAS,1,SRC
TTK,1,CHEK2
CSNK2A1,1,HDAC1
AKT1,1,CHUK_IKBKB_IKBKG
PPP1R14B,-1,PPP1CB
PPM1A,-1,IRF3
HTR7,1,GNAI1
RPS6KA1,-1,TSC1_TSC2
MAPK8,-1,CDC25C
MAPK1,1,ATF2
PRKCE,-1,FGFR1
FZD3,1,DVL1
MAPK3,1,NCOA1
CALM3,1,CAMKK1
CDK1,-1,NUMA1
CDK2,1,NPAT
PRKAA1_PRKAA2_PRKAB1_PRKAB2_PRKAG1_PRKAG2_PRKAG3,1,TSC1_TSC2
MAPK11,1,TP53
FLI1,-1,KLF1
KLF1,-1,FLI1
PPP5C,-1,NR3C1
CEBPB,1,CREB1
CSNK2A1,-1,ESR1
ARAP1,-1,RAC1
CAMK2A,1,SRF
BTRC,-1,EZH2
CDK5RAP2,1,WDR62
STAG2,1,RAD21
CALM1,1,PPP3CC
DLG3,1,GRIN1_GRIN2C
KDM5B,1,H3-4
SOS2,1,KRAS
HTR2C,1,GNAI1
JAK2,1,RAF1
PAX7,1,KMT2A
AKT3,-1,CYCS
MAPK14,1,PPARGC1A
CDK1,1,INCENP
IGF1R,-1,CRK
SRC,1,CNKSR1
MAPK10,1,TP53
PDGFRB,1,GNAI1
GSK3B,-1,WWTR1
STK4,-1,PRDX1
COL1A1,1,DDR2
HSP90AB1,-1,APAF1
PPP2R2A,-1,AKT1
CDK2,1,SP1
MAPK14,1,CCND1
MAPK8,-1,SFN
PTPN2,-1,KRAS
RAC1,1,MAPK8
GNAQ,1,ARHGEF12
MAPK11,-1,EGFR
BMPR2,1,BMPR1A
PDK1,-1,ITGB3
HTR1D,1,GNAZ
OPHN1,1,CDC42
MAPK1,1,MKNK2
RNF4,-1,SP1
PRKCE,1,GRM5
SPOP,-1,HDAC6
RNF7,-1,NFKBIA
MAPK1,1,LRP6
FYN,1,PTGS2
EP300,1,MN1
MN1,1,EP300
CDK1,1,PLK1
AMBRA1,1,HUWE1
JAK1,1,SNX8
BTRC,1,CDC25A
TEK,1,PIK3R1
TRAF6,1,MTOR
CTNND2,1,CDH3
C9orf72,1,ATG13_RB1CC1_ULK1
DUSP3,-1,STAT3
NFIB,-1,NFIX
CRBN_CUL4A_DDB1_RBX1,-1,NF2
PTK2,1,PIK3R1
AKT1,1,BCL3
EP300,1,SMAD1
SPOP,1,CUL3_RBX1_SKP1
GSK3B,1,ETS1
CUL3_RBX1_SKP1,1,LNPK
LYN,-1,IKBKG
CDK5,-1,PARP1
ITCH,-1,ERBB4
CHFR,-1,PARP1
CAPN1,1,CDK5R1
MAPK9,1,ATF2
PRKCA,1,VTN
PAK4,1,ITGB5
PRKCA,-1,MET
ACTL6A_ARID1A_ARID1B_ARID2_SMARCA4_SMARCB1_SMARCC1_SMARCC2_SMARCD1_SMARCE1,1,TP53
ERBB4,1,PIK3CB
EPHB6,1,CBLC
DUSP3,-1,PTK2
CCNA2_CDK2,1,CDH1
CDK8,-1,CDKN1B
CSNK2A1,-1,HSP90AB1
AKT1,-1,CYCS
CDK2,-1,FOXO4
FZD3,1,NLK
CAPN2,1,CDK5R1
MTOR,1,UVRAG
MAPKAPK2,1,SRF
CSNK2A1,1,USP7
CDK2,1,CEBPB
MAPK3,1,RPS6KB1
MAPK11,1,PIAS2
AKT3,-1,STK3
PRKCA,1,TWIST1
CSNK2A1,1,HDAC3
CSNK1E,-1,YAP1
USP7,1,DEPTOR
WEE1,-1,ERG
HSP90AA1,-1,FER
PRKACA,-1,HMGN1
IL4,1,IL2RG
HSPA1A,1,NOD2
MTOR,1,GRB10
DAPK2,-1,RPTOR
AKT2,-1,AKT1S1
PRKACA,1,LATS2
INPP5D,-1,SYK
CSNK2B,1,CTNNB1
CCNH_CDK7_ERCC2_ERCC3_GTF2H1_GTF2H2_GTF2H2C_2_GTF2H3_GTF2H4_GTF2H5_MNAT1,1,NR5A1
GSK3A,-1,CAMKK2
FST,-1,INHBA
FHIT,-1,CTNNB1
CAMK2A,1,CEBPB
AURKA,1,SPAG5
VAV3,1,RHOA
PRKCD,-1,BDKRB2
CHUK,1,TAX1BP1
DOCK7,1,RAC1
KDM3A,1,H3C13
WWP2,-1,TP73
EDNRA,1,GNAS
FES,-1,BCR
PPM1G,-1,USP7
USP8,-1,MET
CDK4,1,FOXM1
PTGES3,1,HSP90AA1
PRKCQ,1,RAPGEF2
PKM,1,STAT3
DAB2,1,DAB2IP
WNT4,1,LRP6
RPS6KA3,-1,FGFR1
FPR1,1,GNAI3
GRB10,1,PIK3R1
UFL1,1,H4C6
MAPK1,1,ARHGEF2
MAPK3,1,RUNX2
CCNB1_CDK1,-1,TP73
ITGAV_ITGB3,1,KRAS
MAPK8,-1,HSF1
PPP1R1B,-1,PPP1CB
CSNK1D,-1,MTSS1
VRK1,1,TP53BP1
PPP3CA_PPP3R1,-1,FLNA
CSNK2A1,-1,NR1H3
INSR,1,SHC1
PRKACA,-1,GSK3A
SKIL,-1,SMAD5
GSK3B,1,NR1D1
AURKB,-1,KNL1
PRKD1,1,PIK3R1
CDK1,-1,SUN1
TYRO3,1,MLKL
PJA2,-1,PRKAR1A
PRKACA,1,MORC2
MAPK14,-1,EIF4EBP1
PRKACA,1,ITGA4
PRKCB,1,ANXA1
PRKAA1,1,PRKAB1
PLK1,-1,TP73
CSNK1A1,1,CTNND1
MAPK1,1,PPARA
DYRK2,-1,TBK1
PAX7,1,KMT2D
NEK9,1,NEK6
PKN1,1,AR
SMAD3,-1,MYOD1
WNT4,1,LRP5
ATM,1,DYRK2
AKT1,1,PARK7
MAPK8,1,IRF3
CDR2,1,MYC
PLK1,-1,STK3
CCND1_CDK4,-1,MYOG
GRK5,-1,TP53
CDK1,-1,EP300
CRK,1,MAP4K5
CCT2_CCT3_CCT4_CCT5_CCT6A_CCT7_CCT8_TCP1,1,STAT3
MAPKAPK2,1,PIAS1
PRKCA,1,ICOSLG
CDK1,1,NEK9
TRIP11,1,THRA
CSNK2A1,1,RPS6KA4
PTPN1,-1,LAT
PTPN1,-1,PRKCD
YWHAZ,1,GEM
ABL1,1,AHSA1
TOB2,-1,CNOT1_CNOT10_CNOT11_CNOT2_CNOT3_CNOT4_CNOT6_CNOT6L_CNOT7_CNOT8_CNOT9_TNKS1BP1
ADRA1B,1,GNAS
LAT,1,PIK3CA_PIK3R1
SPOP,-1,BRMS1
HOXB7,1,PRKDC
AURKA,-1,APC_AXIN1_GSK3B
PRKD1,1,PIK3C3
FUS,-1,DDX3X
MTOR,-1,AMBRA1
ZFYVE9,1,SMAD3
CDK16,1,PRKAR1A
TBXA2R,1,GNAQ
EPHB6,-1,EPHA2
SLK,1,MAP3K5
PRKCA,1,PTPN12
MMP2,1,LRP2
CSNK2A1,1,TLE1
CHKA,1,EGFR
TBK1,1,STAT6
PRKCD,-1,CHN2
NTSR1,1,GNAI1
STK38,1,XPO1
GSK3B,-1,PTEN
PRKACA,1,CAST
PRKCD,1,GRM5
GSK3B,-1,WEE1
GREB1,-1,SMAD3
CSNK2A1,-1,ATF4
PTPRJ,-1,JAK2
SMAD3,-1,CEBPA
CLK2,1,PTPN1
BRMS1,-1,EP300
SRC,1,GTF2I
MAPK1,-1,CTNND1
RAB5A,1,PIK3R4
NLK,1,STAT3
CSNK2A1,-1,G3BP1
PRKCA,-1,GFAP
ROCK1,1,MAPK8
PRKCA,1,PRKD1
NF2,1,STK4
PTPN11,1,HOXA10
CDK5,1,ERBB3
HTR7,1,GNAS
RALGDS,1,RIN1
ABL1,1,TP63
ATR,1,CHEK2
AKAP12,1,PRKCA
CSF1,1,CSF1R
PIK3R3,1,TP53
CDK1,-1,EGFR
LRRK2,1,AP2M1
HDAC3,1,HDAC1
MAPK3,1,EPAS1
PRKCG,1,GRM5
CAMKK2,1,PRKAA2
HSP90AB1,1,FLCN
JAK2,1,ITGAL
CCNB1_CDK1,1,CDC7
PPP1CB,1,NF2
MARK2,-1,ARHGEF2
LCK,1,ACP1
S1PR1,1,GNAO1
PPP1CC,1,IFIH1
PRKCD,1,PEBP1
HDAC5,-1,RUNX2
MST1,1,STK4
CDKN2B,-1,CDK4
IL10RA,1,JAK2
FMNL2,1,PLK1
FBXW7,-1,GATA3
RAD21,-1,GATA2
CSNK1A1,-1,YWHAZ
NEK1,1,ATR
PTPRH,-1,EGFR
MAPK1,1,TWIST1
YAP1,1,CTNNB1
CSNK2A1,-1,SP1
PPP2R2A,-1,PPP2CA
CAPN1,1,GSK3B
SMO,1,GNB2
PRKCA,-1,STXBP1
EDNRB,1,GNAQ
FER,1,AR
PRKCE,1,ATF2
PPP3CC,1,BAD
MAPK9,-1,JUNB
CAMK2A,1,HSF1
ARHGEF7,-1,CBLC
AKT1,-1,ITGB3
IL1R1,1,MAPK10
MDM2,-1,EID1
PSME3,1,ADRM1_PSMA1_PSMA2_PSMA3_PSMA4_PSMA5_PSMA6_PSMA7_PSMB1_PSMB2_PSMB3_PSMB4_PSMB5_PSMB6_PSMB7_PSMC1_PSMC2_PSMC3_PSMC4_PSMC5_PSMC6_PSMD1_PSMD11_PSMD12_PSMD13_PSMD14_PSMD2_PSMD3_PSMD4_PSMD6_PSMD7_PSMD8_SEM1
CDK1,-1,PRDX1
ATG13_RB1CC1_ULK1,-1,AKT1S1_DEPTOR_MLST8_MTOR_RPTOR
AKT1S1_DEPTOR_MLST8_MTOR_RPTOR,-1,ATG13_RB1CC1_ULK1
DYNLL1,-1,RHOA
EGFR,1,EZR
SRC,1,FBXO5
TP53,-1,ETS1
STK3,-1,STAT3
MC4R,1,GNAZ
CDKN1A,-1,CCNB1_CDK1
GSK3B,-1,EIF4EBP1
ENPP1,-1,INSR
SMURF1,-1,SMAD4
WWTR1,1,SMAD3
GSK3A,-1,GPSM3
PRKACA,1,E2F1
SPOP,-1,EGLN2
SMARCB1,1,SMARCA4
SOCS1,-1,IRAK1
NUAK1,1,TP53
SIK3,-1,CRTC2
SKP2,-1,DAB2IP
PIK3C3,1,AKT1
CSNK2A1,-1,MYC
PTPN12,-1,PTK2B
FLT3,-1,CDKN1B
AKT2,1,CREBBP_EP300_KAT2B
RIPK1,1,DAB2IP
BDKRB2,1,GNAI3
FLCN,1,RRAGD
BIRC3,1,BIRC2
AKT1,-1,MAP3K11
AKT2,-1,BAD
ADRA1B,1,GNA11
SFN,-1,YAP1
BTK,1,BMX
CDC7,1,PSIP1
PAK2,1,PRL
SOS2,1,HRAS
PTPN11,1,KRAS
PPP2CB,-1,ATM
F2RL1,1,GNAI3
FGR,-1,TBK1
CSNK2A1,-1,NASP
GADD45A,-1,CCNB1_CDK1
AKT1,-1,STK3
CDK6,-1,PRDX1
ERBB4,1,PIK3CA
PPP2R5C,1,ATF1
MAPK3,-1,EGFR
CUL7_RBX1_SKP1,-1,CCND1
CSNK2A1,-1,FAF1
HTR7,1,GNAQ
F2RL3,1,GNA13
LCK,-1,PIK3CA_PIK3R1
ANK3,1,DAG1
RNF5,-1,MAVS
PRKAA2,1,IKBKB
MAPK1,-1,RXRA
EPHB1,1,NRCAM
FYN,1,LAT
MAPK3,1,ADAM17
BTRC_CUL1_SKP1,-1,IKBKB
AKT2,-1,CYCS
PXN,1,ILK
MAPK3,1,BAZ1B
GNAQ,1,HRAS
MAPK12,1,ATF2
CASP3,1,BAD
CAMKK1,1,PRKAA1
ITGB1BP1,-1,ITGB1
LCK,-1,CHN2
MAPK3,1,ABI1
BUB1,1,MAD2L1
GNRHR,1,GNAQ
ITGB1BP1,-1,ITGB2
CSNK1A1,-1,ERG
PTPN2,-1,EGFR
CALM1,1,CAMKK1
ASXL1,-1,PPARG
PPP2CB,1,TP53
KIF7,1,GLI2
AKT2,1,EP300
EZH2,1,AR
CAST,-1,CAPN3
RCAN1,-1,PPP3CA_PPP3R1
ASH2L_DPY30_KMT2D_RBBP5_SETD1A_SETD1B_WDR5,1,KDM6A
FGFR4,-1,FRS2
GNA13,-1,LATS1
MAPK1,-1,PPARG
MDM2,-1,GNAS
HRH1,1,GNAI3
SMAD3_SMAD4,1,FOS_JUN
GRK5,1,NTSR1
MAPK3,-1,PPARG
DAPK3,1,TP53
NEK2,1,YAP1
SMO,1,GNG12
CDC7,1,TARDBP
CDK2,-1,PGR
AKT1,1,PIK3R6
FGFR1,1,ACAT1
BTRC_CUL1_SKP1,-1,MTSS1
CDK1,-1,MAP3K11
SPAG9,1,MAPK11
USP25,1,CCT2_CCT3_CCT4_CCT5_CCT6A_CCT7_CCT8_TCP1
AKT2,-1,BRAF
MAPK3,1,IL16
PRKCZ,-1,IRS1
PPP2CA,-1,PRKCD
FKBP5,-1,NR3C1
VHL,-1,ARNT_HIF1A
BIRC3,1,RIPK2
PTPN2,-1,GHR
PRKCZ,1,ADARB1
CAMK2A,-1,ANKS1B
CSNK1A1,1,SQSTM1
MAP2K4,1,MAPK13
PTPRH,-1,GHR
GNG2,1,PIK3CA_PIK3R1
PTPN12,-1,ERBB2
GRK2,-1,MC4R
TRIM25,-1,ZFHX3
JAK2,1,KDM3A
WWP1,1,AMOTL2
PPM1D,-1,CDKN1B
LRRK2,1,ARHGEF7
CDK1,-1,PDCD1
CUL1_FBXW7_SKP1,-1,SHOC2
MAPK1,1,PPP1R9B
TIMP1,-1,MMP9
HDAC1,-1,YY1
STK11,1,BRSK1
EDNRA,1,GNAO1
INSR,1,DOK1
SIK2,1,LRP6
CSNK2A1,1,MAPK9
MSTN,1,ACVR2B
DYRK1B,1,CDKN1A
PKN1,-1,FOXO1
GSK3B,1,NFKB1_RELA
MAPK8,1,MCL1
CUL3_RBX1_SKP1,-1,EIF4EBP1
ING1,-1,SIRT2
GNA12,1,RHOA
CSNK2A1,-1,EIF4EBP1
HRAS,1,PIK3CG
H4C6,1,BRDT
CDK1,1,USP9X
MAPK1,1,BCL3
CTNND1,1,CDH5
EPAS1,-1,FOS_JUN
CHUK,-1,MTURN
MAP4K3,1,IQGAP1
CCNB1_CDK1,1,AMBRA1
DHX9,1,NFKB1_RELA
F2R,1,GNAI3
PDPK1,1,PRKCZ
RPS6KA1,1,CDC25B
FGG,-1,VTN
TRIM71,-1,TP53
MAPK1,-1,AR
SRC,-1,RHOA
ATR,1,USP28
LAT,1,PIK3CA
PPP1CA,-1,MAPK3
CDON,1,MAPK14
MAPK1,1,APBB1
PRKAR1B,-1,PRKACB
CBLB,-1,IGF1R
CREBBP_EP300_KAT2B,1,SMAD3
CUL7_RBX1_SKP1,-1,IRS1
BRCA1,1,MRE11_NBN_RAD50
CUL1,1,RNF7
FLNA,1,MAP2K7
DAB2IP,1,GSK3B
PPP1CA,1,PREX2
TBK1,1,NUMA1
CUL3,1,KCTD13
RHOA,1,PKN1
CDKN2A,-1,CDK4
MAPK9,1,TP53
RACGAP1,-1,RAC1
AKT1,-1,FOXO6
AKT1,-1,BTK
KDR,1,GRB2
SKI,-1,EP300
PRKCD,1,MAPK8
SGK1,-1,KMT2D
HTR1A,1,GNAQ
PPM1G,1,CDKN1B
TTK,1,HSPA9
MAPK8,1,STK4
STUB1,-1,CD274
IKBKB,-1,BAD
PRKAA1_PRKAA2_PRKAB1_PRKAB2_PRKAG1_PRKAG2_PRKAG3,1,TSC1
ARHGEF17,1,RHOA
CDK1,1,UBE2I
CCNE2_CDK2,1,CDC7
MECP2,1,SST
CUL3_RBX1_SKP1,-1,PLK1
CALM3,1,GEM
KRAS,1,PIK3CA_PIK3R1
KDM4C,1,KDM1A
CDC25B,1,CCNB1_CDK1
MMP2,1,LAMA3_LAMB3_LAMC2
MYD88,1,TRAF6
BLK,-1,SOCS1
CCND1_CDK4,-1,CDC25A
CDC25A,1,CCND1_CDK4
TGFBR1,1,PIK3CA_PIK3R1
CSNK2A1,1,PPP1R8
PTPRF,-1,AKT1
FBXW8,1,CUL1_RBX1_SKP1
TAGLN2,-1,ACTB
PRKCD,1,PRKD1
WWP1,1,AMOT
PRKAA1_PRKAA2_PRKAB1_PRKAB2_PRKAG1_PRKAG2_PRKAG3,1,PLD1
PINK1,-1,PTEN
ABL1,1,STK3
SRC,1,AKT1
BTK,-1,MDM2
GTF2I,1,AEBP2_EED_EZH2_RBBP4_SUZ12
GNGT1,1,PLCG1
STK4,1,FOXO4
MMP9,-1,PZP
PZP,-1,MMP9
HTR2B,1,GNAI3
H4C6,1,BRD2
ACP1,-1,AKT3
XIAP,-1,PTEN
GNAS,1,HCK
SMAD3_SMAD4,-1,CEBPA
PIK3AP1,1,PIK3R1
SGK1,-1,CDKN1B
ARHGAP8,1,LAMTOR3
CDC34,1,CUL1_FBXW2_SKP1
ABL1,-1,KAT5
MDM2,-1,NOTCH4
PRKACA,1,NOLC1
VCP,1,NGLY1
PRKACA,-1,YWHAZ
STUB1,-1,CFLAR
CDK2,1,MECOM
NFASC,1,ANK2
MAPK13,-1,TP53BP1
THRB,-1,GATA2
OXTR,1,GNAI3
ACP1,1,SRC
G3BP2,1,G3BP1
PRKACA,-1,RARA
GSK3B,1,KDM1A
BTRC,-1,PER1
G3BP1,1,G3BP2
EEF1A1,1,SP1
SRC,1,PRKCD
PRKCG,-1,HSP90AA1
MTURN,-1,TBK1
FZR1,-1,SKIL
SPRED1,1,NF1
GNG12,-1,PRKACA
PTK2,1,PIK3CA_PIK3R1
CDK11A,1,CDK11B
HTR1E,1,GNAI1
RBBP8,-1,SPEN
FZD4,1,DVL1
GSK3B,-1,MCL1
AKT1,-1,SIRT6
MARK3,-1,TNK1
FZR1,-1,MOAP1
AKT1S1_DEPTOR_MLST8_MTOR_RPTOR,1,BTRC
CREBBP_EP300,1,SMAD2
EZH2_SUZ12,1,YY1
DAB2IP,-1,AR
PRKCA,-1,PPP2R5A
LYN,-1,SOCS1
HTR1F,1,GNAI3
CHFR,-1,HDAC1
ATM,-1,COP1
CRK,1,PTK2
PRKCI,1,EZR
MIF,-1,SOD1
NR0B1,1,NCOR2
OPRK1,1,GNAI1
TGFBR1,-1,EEF1A1
SRC,1,PDPK1
ITK,1,BMX
SRC,-1,CASP8
PTEN,-1,DVL2
PLK1,-1,FADD
AKT1S1_DEPTOR_MLST8_MTOR_RPTOR,1,NRBF2
RAD23B,1,ERCC5
BTRC_CUL1_SKP1,-1,CDH1
CCNB1_CDK1,1,SQSTM1
FLCN,1,RRAGC
NFKB1_RELA,1,JUN
VRK1,1,TP53
MRE11_NBN_RAD50,1,UFL1
PTPN2,-1,STAT6
PRKDC,1,CHEK2
LRRK2,-1,PTK2
IRF9,1,IFNAR2
PRKACA,-1,HTT
HUWE1,-1,MCL1
CNOT1_CNOT10_CNOT11_CNOT2_CNOT3_CNOT4_CNOT6_CNOT6L_CNOT7_CNOT8_CNOT9_TNKS1BP1,-1,NANOS1
NEDD4,-1,LYN
TTK,1,TP53
HTR6,1,GNAO1
MECP2,1,OPRK1
STAT1,-1,RELA
CP,-1,SMO
DAB2IP,1,GATA1
USP7,1,CHFR
GFAP,1,ACTB
CHEK1,1,SRC
BRMS1,1,KDM1A
NRAS,1,ARAF
PRKG1,1,PRKAR1A
LIMK2,-1,SPOP
ROCK1,1,PTEN
PAK2,-1,SORT1
NEDD4,-1,SYK
TRIO,1,RAC1
FZD1,1,DVL2
MAPK1,1,MYC
GSK3B,-1,ROR2
EID1,-1,CREBBP
CDK3,-1,RB1
MAML1,1,MEF2C
SMO,1,GNG2
MAPK10,1,JUN
DOCK6,1,RAC1
NR2F2,-1,MYOD1
DLGAP5,1,SHANK1
DAB2IP,-1,STAT3
WWP1,-1,TGFBR1
RPS6KA3,-1,CASP8
PPP1CA,-1,MECOM
SRC,1,MUC1
AKT1,-1,RARA
MARK3,1,ARHGEF2
CCNB1_CDK1,1,CDC25A
USP8,1,RNF41
ABL2,-1,CRK
CSNK2A1,1,VDR
UBA52,1,PRKN
RNF7,-1,DEPTOR
ANAPC1_ANAPC10_ANAPC11_ANAPC13_ANAPC2_ANAPC4_ANAPC5_ANAPC7_CDC16_CDC23_CDC26_CDC27,-1,CCNF
PELI1,1,BIRC3
CDK2,1,RECQL4
AKT1,1,GATA1
PTK6,1,AKT1
IFNAR1_IFNAR2,1,PIK3CA_PIK3R1
AKT2,1,AKT1S1_DEPTOR_MLST8_MTOR_RPTOR
CDK6,-1,CDKN1A
MAP3K14,1,CHUK_IKBKB_IKBKG
GPHN,1,NLGN2
PPP2CA,-1,MKNK1
PRKACA,-1,RXRA
AURKA,-1,ARHGEF2
CUL1_RBX1_SKP1,-1,HIPK2
STK11,1,MARK1
CHEK1,-1,NFKB1
NCOR2,1,BCL6
MAPK1,1,CDK2
PRKCD,1,ITGB7
DRD1,1,GNAQ
RPS6KA3,1,ESR1
MAPK1,1,MAPKAPK5
PPP2CA,-1,DCK
MECOM,1,DNMT3A
CEP63,1,CDK2
PPM1D,-1,MAPK12
PDPK1,1,CARD11
DLK1,1,FN1
LATS2,1,YWHAG
STUB1,-1,SMAD5
AP2M1,-1,EGFR
SYN2,1,ACTB
MYC,1,DNMT3A
APC_AXIN1_GSK3B,1,CSNK1D
CSNK1D,1,APC_AXIN1_GSK3B
PRKACA,1,STK11
MAPK1,1,RGS19
BRDT,1,EIF4EBP1
EDNRB,1,GNAO1
FBXO25,1,CUL1_RBX1_SKP1
ZMYM2,1,MYBL2
HTR6,1,GNAZ
PTK2B,-1,GSN
EDNRB,1,GNAZ
TRIM25,-1,FBXW7
CDK5,-1,PPARG
PLK1,1,KAT7
MAPK3,1,GRB10
PTPN1,-1,NFKBIA
HTR2C,1,GNAQ
PPM1D,-1,MAPK14
CDK5,-1,DRD2
BDKRB2,1,GNA13
BIRC2,1,RIPK4
CUL1_SKP1_SKP2,-1,CDKN1A
PRKAA1_PRKAA2_PRKAB1_PRKAB2_PRKAG1_PRKAG2_PRKAG3,1,ATG13_RB1CC1_ULK1
ATG13_RB1CC1_ULK1,-1,PRKAA1_PRKAA2_PRKAB1_PRKAB2_PRKAG1_PRKAG2_PRKAG3
F2RL3,1,GNAI1
CALM2,1,CAMKK1
STK38,-1,CDKN1A
MAPK1,1,JUN
GPSM3,-1,GNB1
SRC,-1,DAG1
HABP4,-1,MEF2C
AKT1,-1,MAP3K5
ABL1,1,PLK1
MTOR,-1,MKNK2
CCNA2_CDK2,-1,BLM
SORT1,1,APOA1
EGFR,1,PIK3CA_PIK3R1
GSK3B,-1,CDKN1A
RPS6KA3,1,CREB1
PTK6,-1,DOK1
TOB1,-1,CNOT1_CNOT10_CNOT11_CNOT2_CNOT3_CNOT4_CNOT6_CNOT6L_CNOT7_CNOT8_CNOT9_TNKS1BP1
GSK3B,-1,HDAC4
PPP2R2A,1,WEE1
TRIP10,-1,ARHGAP17
PIK3CG,1,SET
EDNRB,1,GNAI3
PRKAA1_PRKAA2_PRKAB1_PRKAB2_PRKAG1_PRKAG2_PRKAG3,-1,HDAC5
MAPK14,1,NCOA3
MAPK7,1,PPARG
TMIGD2,1,PRKAA1_PRKAA2_PRKAB1_PRKAB2_PRKAG1_PRKAG2_PRKAG3
GSK3B,1,ARHGAP31
PPM1D,1,RBM38
PRKAA1,1,ULK1
CDK5,-1,PEBP1
MAPK3,-1,NR3C1
INPP5D,-1,PLCG2
LRRK2,1,RCAN1
MMP2,-1,PZP
PZP,-1,MMP2
KAT2A,-1,H3C13
ANAPC1_ANAPC10_ANAPC11_ANAPC13_ANAPC2_ANAPC4_ANAPC5_ANAPC7_CDC16_CDC23_CDC26_CDC27,-1,PHF8
PPP2R5C,-1,RPS6KB1
AURKA,-1,FAF1
RNF41,-1,PRKN
CHUK,1,AMBRA1
PRKDC,1,SRF
MAPKAPK5,-1,RHEB
NEDD4,1,MDM2
CDK1,1,CHEK1
NEDD4,-1,SAG
SMO,1,TIAM1
DDX21,1,TICAM1
CHUK,-1,ELAVL1
CDK3,1,ATF1
PRKAA2,1,PLD1
PTPN6,-1,CTTN
FYN,1,CAV1
BTRC_CUL1_SKP1,-1,YAP1
MTOR,1,LARP6
MDM2,-1,FOXO4
MAPK1,1,MCL1
SGK2,-1,FOXO3
CDK1,1,TP53
PTPN1,-1,ACTN1
CDH2,1,CDON_SPAG9
PTPRR,-1,MAPK14
CDK1,1,FMNL2
SMURF2,1,UBE2D1
GNAO1,-1,HES1
PPP1CB,-1,TP53
SRC,1,FLT4
PRKCQ,1,ARHGEF6
PPP2CA,-1,AKT2
GSK3B,-1,ERG
COP1,-1,CEBPB
FGF2,1,FGFR3
GATA1,1,HDAC4
MRE11,1,PIH1D1
FZD3,1,GNAQ
IKBKB,1,BCL3
MAPK1,1,CCNE2_CDK2
AKT2,1,BMI1
PLK1,-1,SMAD4
PLK1,1,ANAPC1
PTPRF,-1,PLCG1
CREBBP_EP300,1,SMAD3
INSR,1,CBL
MAPK14,-1,MAP3K11
STK11,-1,CDKN1A
PRKAR2A,-1,PRKACA
PAK6,1,MDM2
MAP4K5,-1,APC_AXIN1_GSK3B
MAPK9,1,STAT3
SKP2,-1,CDKN1B
ASH2L_DPY30_KMT2D_RBBP5_SETD1A_SETD1B_WDR5,1,CREBBP_EP300
ITCH,-1,LATS1
USP24,1,EP300
AKT1,-1,CHEK1
PRKCA,1,PLCG1
STK11,1,NUAK2
PTPRT,-1,PXN
MAPK1,1,EIF2AK2
PRKACA,1,AANAT
ANAPC1_ANAPC10_ANAPC11_ANAPC13_ANAPC2_ANAPC4_ANAPC5_ANAPC7_CDC16_CDC23_CDC26_CDC27,-1,SKIL
CNKSR1,1,EPHB1
NGLY1,1,RAD23B
PRKCZ,-1,CASP9
CDK7,1,TP53
LARP4B,1,PABPC1
ATM,1,ABRAXAS1
CSNK1D,-1,WEE1
TTI1,1,AKT1S1_DEPTOR_MLST8_MTOR_RPTOR
STUB1,-1,SMAD1
PRKCD,1,TP53
WWP1,1,TP53
FANCL,1,CTNNB1
HUWE1,-1,KAT7
PRKACA,1,SRF
CDK1,1,SQSTM1
PRKCD,-1,EP300
MAPK3,-1,CDKN1B
GSK3B,1,XIAP
PGK1,1,PDK1
FGFR3,1,STAT1
GNAQ,1,RHOA
CDKN2A,-1,CCND1_CDK6
MAP2K1,1,TET2
PRKAA1_PRKAA2_PRKAB1_PRKAB2_PRKAG1_PRKAG2_PRKAG3,-1,NR2C2
JAK2,1,GTF2I
TRIM25,-1,ERG
CDC25B,1,CDK2
HCK,1,PLCG2
TRIM23,1,PPARG
PTPN2,-1,FKBP4
MAPK14,1,PIAS2
AURKB,-1,HDAC4
NEDD4L,-1,SPHK2
PRKN,-1,BCL2L1
RNF5,-1,ATG4B
RNF8,1,UBE2N
STUB1,-1,TRAF6
CSNK2A1,-1,BMI1
HIC1,-1,STAT3
DAB2IP,-1,PIK3CA
BTRC_CUL1_SKP1,1,NFKB1_RELA
CSNK1A1,-1,GLI2
PRKACA,1,RAP1B
UBE3A,-1,EEF1E1
AKT2,1,MDM2
DVL2,1,PARD6A
CASK,1,TBR1
CBLC,-1,RET
PRKCZ,1,IKBKB
OBSCN,1,ANK2
DUSP3,-1,ERBB2
MAPK1,1,MKNK1
ILK_LIMS1_LIMS2_LIMS3_LIMS4_PARVA,1,ACTB
PTPN1,-1,NTRK2
CASP1_NLRP3_PYCARD,1,CASP1
GSK3B,1,TSC2
EDN1,1,EDNRB
RAC1,1,GIT1
YWHAE,-1,CDKN1B
AHSA1,1,HSP90AB1
PPP1CA,1,CASP2
AFAP1L2,1,PIK3CA
PAK1,-1,DYNLL1
JAK2,-1,PDP1
TOPORS,-1,TP53
MAPK1,-1,LIFR
GSK3B,-1,AREL1
RFWD3,1,TP53
CD79A_CD79B_P0DOX6_P0DOX8,1,SYK
AKT2,-1,MAP3K5
GSK3A,1,ARHGAP31
CDK2,-1,NPM1
JUN,1,RACK1
FLT3,1,ACAT1
PRKACA,-1,NF2
PRKACA,-1,PTPRR
BIRC2,-1,CFLAR
CSNK2A1,-1,SLK
CDK2,1,MAP3K11
SIRT1,-1,MYOD1
MTOR,1,SGK1
GNB5,-1,ADCY5
PDGFRB,1,SRC
BIRC2,1,E2F1
MECOM,-1,SMAD3
CHUK,1,KHDRBS1
JAK3,1,EZH2
PRKDC,1,FH
IKBKE,-1,CYLD
JAK2,1,BECN1
LIMK2,-1,PTEN
RPS6KA3,1,RANBP3
ATM,1,BCL10
CSNK1A1,-1,YWHAQ
MAPK3,1,GTF2I
SKIL,-1,SMAD3_SMAD4
HUWE1,-1,MYOD1
HUWE1,-1,ZBTB17
PPP2CA,-1,RELA
PRKN,-1,PLCG1
ARRB2,1,MDM2
MDM2,-1,ARRB2
HTR4,1,GNAQ
MYO5A,1,ACTB
CSNK1A1,-1,FOXO3
PTK2B,1,TGFB1I1
MAPK3,-1,BCL6
PIAS4,-1,SMAD3_SMAD4
GATA1,1,RUNX1
CREBBP,-1,DDX21
MDM2,1,HEXIM1
MDM2,-1,SIRT6
GNG3,1,PIK3CA
AAK1,1,AP2M1
BIRC2,1,RIPK3
SRC,1,GSN
ADAM12,1,SDC4
PRKCE,1,GSTP1
NEDD4,-1,RAPGEF2
EGFR,-1,PKM
PIM1,1,EPAS1
TBK1,1,HTT
SGK3,-1,GSK3A
CDK3,1,MECOM
PDPK1,1,OXTR
GNAI1,1,CDC42
TAOK1,1,MARK2
RAC1,1,AKT1
HRH1,1,GNAS
SYK,1,PRKCA
RRAGC,1,RPTOR
STK24,1,STK38
CSNK1A1,1,MDM4
IMMT,1,PINK1
CSNK1D,-1,CDH1
SMURF2,1,TNFRSF1B
PDPK1,1,PRKCB
XRCC6,1,UBE2S
MAP2K1,-1,CASP9
PDP1,-1,SMAD1
KDR,1,PTK2
CSNK2A1,-1,CCNF
CDK1,-1,EZH2
PTPN11,-1,NTRK2
OGT,1,YAP1
RNF7,-1,JUN
PPP1R9B,1,TIAM1
DLGAP1,1,SHANK3
MAPK3,1,ARHGEF2
FYN,1,CD79A_CD79B_P0DOX6_P0DOX8
MAGEA3,1,TRIM28
KDM3A,1,H3-4
LARP7,-1,HEXIM1
RNF168,1,BLM
ACP1,-1,AKT2
PRKN,-1,CDKN1A
MAPK3,-1,PPP2R5C
YES1,1,WWTR1
WAC,1,PLK1
CSNK1G1,1,LYN
CUL7_RBX1_SKP1,-1,NCOA3
PRKAA1,1,CDKN1B
PTPN2,-1,PDGFRB
TRAF6,-1,CRTC2
GNA13,1,ARHGEF28
RNF7,-1,CASP3
CUL3,-1,MAP1B
MAPK1,1,TP53BP2
TRAF2,1,MAP4K2
MAPK3,-1,LIN28A
PLEKHG6,1,RHOA
KNL1,1,BUB1
TP53INP1,1,MAP1LC3C
MAPK8,1,SIRT1
SIRT1,1,CTNNB1
AKT1,1,SH2B2
PTPN6,-1,KDR
FZD7,1,GNAS
GSK3B,1,ZC3HAV1
XIAP,-1,CDC42
ELAVL1,1,ADAM10
CRBN_CUL4A_DDB1_RBX1,-1,TDG
ARRB2,-1,ADRB1
UBE2I,1,SMAD4
PREX2,1,RAC1
SRC,1,VAV3
EGFR,1,PELI1
PELI1,1,EGFR
TRIM63,-1,PPP3CA
TTC3,-1,SMURF2
FZD3,1,GNB1
ULK2,-1,PRKAA1_PRKAA2_PRKAB1_PRKAB2_PRKAG1_PRKAG2_PRKAG3
UBE3A,-1,ADRM1_PSMA1_PSMA2_PSMA3_PSMA4_PSMA5_PSMA6_PSMA7_PSMB1_PSMB2_PSMB3_PSMB4_PSMB5_PSMB6_PSMB7_PSMC1_PSMC2_PSMC3_PSMC4_PSMC5_PSMC6_PSMD1_PSMD11_PSMD12_PSMD13_PSMD14_PSMD2_PSMD3_PSMD4_PSMD6_PSMD7_PSMD8_SEM1
PIAS4,1,TP53BP1
PPARG,-1,HDAC1
FOS_JUN,1,NFATC1
USP7,-1,PTEN
ATM,1,UFL1
CDK2,1,CHEK1
CDK9,1,TP53
SEPTIN4,-1,XIAP
PRKACA,1,SRC
CTBP1,1,BHLHE41
PIM1,1,MDM2
CHFR,-1,SMARCB1
BRCA1,-1,NSD2
ARHGAP1,-1,RHOA
CCNA2_CDK2,1,AKT1
LYN,-1,PPP1R8
SMAD3_SMAD4,-1,MYOD1
STAT1,-1,NFKB1_RELA
AKT3,-1,ADARB1
PIM1,-1,MAP3K5
ADRB2,1,GNAQ
MAPK15,-1,ELAVL1
MDM2,-1,RB1
PRKN,-1,APEX1
CDK1,-1,MAP2K1
WNT11,1,FZD7
PPARG,-1,PTEN
CDKN1A,-1,CCNE2_CDK2
AKT1,1,ZRANB1
ABL1,1,DLG4
MDM2,-1,RUNX3
SETD2,1,STAT1
MYCBP2,-1,ULK1
GSK3B,1,CEBPB
YES1,-1,CDK4
HERPUD1,1,HSPA5
GRIN1_GRIN2D,1,CAMK2A
CSNK2A1,-1,WEE1
CDK5,1,PTK2
MAPK3,-1,CREM
MAGEL2,1,TRIM27
RET,1,MAPK1
NOTCH1,1,ZMIZ1
ZMIZ1,1,NOTCH1
PRKDC,1,PRKAG1
TBK1,-1,TNIP1
IL1R1,1,MAPK8
RNF4,-1,SUMO2
PELI1,1,MDM4
PRKACA,-1,HRH1
PSEN1,1,APH1A_NCSTN_PSEN1_PSENEN
PRKCA,-1,TBXA2R
CUL3_RBX1_SKP1,-1,WNK1
SMURF1,-1,SMAD5
HTR4,1,GNAI3
PRKD1,1,CDH1
NFKBIE,-1,NFKB1_RELA
FYN,-1,ITCH
RNF168,1,TP53BP1
AKT2,-1,CASP9
SMAD6,-1,MAP3K7
CUL3_RBX1_SKP1,1,AURKB
RNF8,1,BCL10
MAPK9,1,MAPK8IP1
TRAF6,-1,MYC
MARK3,-1,CDC25C
SPATA13,1,CDC42
LYN,1,CD79A_CD79B_P0DOX3_P0DOX7
USP9X,1,SMAD4
STUB1,-1,RUNX2
PRKCA,1,PRKD2
TGFBR1,1,PIK3R2
CAMK1,1,CDKN1B
CDK1,-1,DDX3X
PTPN1,-1,EIF2AK3
DEF6,1,RAP1A
PRKD3,1,HDAC5
CDK7,1,CDK4
MAPK1,-1,CASP8
RNF144B,-1,NPM1
MAP4K4,1,MAP3K11
TRIM59,-1,ECSIT
MAPK1,1,ZFP36
STUB1,-1,SMAD3
GHR,1,MAP2K5
PRKCB,1,PSEN1
CCND1_CDK4,1,TSC2
TRAF3,1,MAP3K7
TRAF6,1,IRF7
HTR7,1,GNAZ
CDK5,1,PSEN1
AKAP13,1,RHOA
PRKACA,-1,PIN1
SKP2,-1,MYC
EDNRB,1,GNAL
PRKCE,-1,BAD
PREX2,1,RHOA
PRKCI,1,PARD6A
SOD1,1,EIF2AK3
AURKA,1,LATS2
MAPK14,-1,CASP8
MMP14,-1,ADAM9
F2RL3,1,GNAQ
GNA12,1,ARHGEF11
RNF7,-1,CDC34
GSK3B,-1,FOXM1
SPRY2,-1,CBLB
KRAS,1,PIK3CB
CDC42,1,CDC42BPA
PAK1,1,PLK1
PPP2CA,-1,CHEK1
ERBB4,1,GRB2
BECN1,1,USP10
USP10,1,BECN1
STK11,-1,SMAD4
BMI1,1,H2AX
PRKCA,1,ITGB2
CCNB1_CDK1,-1,MYOD1
HERC2,-1,BRCA1
HUWE1,-1,PPARA
RXRA,-1,CTNNB1
PIN4,1,IRS1
CDK1,-1,USP24
GRK2,1,STK3
PRKCD,-1,VRK1
ITCH,1,TGIF1
GSK3B,1,TP53BP1
PTPRF,1,LCK
PBK,1,TP53RK
TBK1,1,MTOR
CDK2,1,BCL2L1
FAF1,-1,MAVS
MAPK6,1,TDP2
RPS6KA5,1,CTNNB1
ILK,-1,GSK3B
PIK3R3,1,PIK3CA
MAPK1,1,EPAS1
CDK5,1,RAPGEF2
HTR1B,1,GNAI3
PRKCA,-1,CTNND1
UVRAG,1,PIK3C3
FZD5,1,DVL2
SGK1,-1,SMO
PRKCA,-1,HDAC5
MDM2,-1,ASF1A
MDM2,-1,IER3
MDM2,-1,KAT2B
STK4,1,FOXO1
ABL1,1,DDX5
PRKCD,1,ITGB2
AKT1,-1,SKP2
FZD2,1,LRP5
GNAS,-1,RACK1
JAK2,1,MYC
CDK2,-1,NCOR2
PRKAR1B,-1,PRKACA
CDK4,-1,MEF2C
SRC,1,ARHGAP35
CDK1,-1,NHERF1
ATR,1,AKAP12
MTOR,1,ESR1
FANCM,1,TOPBP1
ZNF420,-1,TP53BP1
CUL3_RBX1_SKP1,-1,WNK4
MAPK1,1,CAPN2
MAPK1,1,PAK1
GNA13,1,RHOA
FBXO31,1,CUL7_RBX1_SKP1
PLK1,1,CLASP2
FZD3,1,GNB3
CRBN_CUL4A_DDB1_RBX1,-1,MYC
GNAS,1,AXIN1
NCL,-1,MYB
PPP2CA,-1,STK4
F2RL1,1,GNAO1
MOAP1,1,RASSF1
SOX3,-1,CTNNB1
AURKA,1,RALA
BRAF,1,MAPK7
EGFR,-1,BECN1
GSK3B,1,APBB1
WNT11,1,LRP6
ROCK1,1,BECN1
RHOA,1,PFN1
GRIN1_GRIN2C,1,DLG4
VRK1,1,H2AX
ACP1,1,PKM
AKT1,1,ATG4B
EIF3F,1,NOTCH1
WNK4,1,OXSR1
ASXL1,1,RARA
CSNK2A1,-1,YWHAQ
CHEK1,-1,CDH1
EPHA3,1,PAK1
GDNF,1,NCAM1
RPS6KA5,1,STAT3
IKBKB,-1,TWIST1
PAK1,1,MORC2
PAK6,1,GATA1
PINK1,1,TP53
YY1,1,AEBP2_EED_EZH2_RBBP4_SUZ12
HTR2A,1,GNAI3
BRAF,1,PAX3
NEK2,-1,MAD2L1
SRC,1,CASP7
EREG,1,ERBB3
AKT3,1,BMI1
LIN7C_PALS1_PATJ,-1,WWTR1
PPM1A,1,YAP1
SPOP,-1,CD274
TRIB2,1,PKM
ERBB2,1,PTK2
CDK2,-1,PTHLH
PRKN,-1,SQSTM1
PRKN,-1,PARK7
FYN,-1,DAB1
FYN,-1,STK11
GRK5,-1,NR3C2
RNF4,-1,KDM5B
SIRT1,-1,EP300
CCND1_CDK4,-1,MYOD1
CDK1,1,AR
AKT1S1_DEPTOR_MLST8_MTOR_RPTOR,1,SGK1
TUBB,-1,SMAD3
SRC,1,CBLC
PRKACA,1,HNRNPD
HTR6,1,GNA13
CDK4,1,PAX3
AKT1,-1,SKI
PARP1,1,TP53
PTPN1,-1,STAT5A
NEDD4L,-1,ULK1
TNFRSF21,1,TRADD
STUB1,-1,PLK1
ATM,1,CCAR2
SRC,1,CBL
CREBBP,1,MEF2C
MAML1,1,CTNNB1
PRKACA,-1,CTNND1
TRIM25,1,ZC3HAV1
SRC,1,PBK
MDM2,-1,IRF1
HUWE1,-1,BRCA1
CHUK_IKBKB_IKBKG,-1,BAD
CDK7,1,RARA
NAT10,1,TP53
AKT3,1,CREB1
FYN,-1,CHN2
RNF2,-1,AMBRA1
PTPN5,1,BAK1
TRAF6,1,PSEN1
HTR6,1,GNAL
SKI,-1,SMAD3_SMAD4
TRAF4,-1,SMURF2
TRAF6,-1,STAT3
LCK,1,PRKCQ
MDM2,-1,GRK2
RAB1A,1,ULK1
CDK1,1,PPP1R13L
MAPK1,-1,FOXO3
MAPK3,1,LCK
HTR4,1,GNAO1
GSK3A,-1,NCOA3
IL5RA,1,SOX4
PTPN1,1,CTNNB1
MAPK3,1,PPARA
RAB5A,-1,RAB7A
FOXC1,1,RBPJ
HRH1,1,GNAO1
KMT2D,1,ESR1
SMAD9,1,SMAD4
DUSP3,-1,EGFR
CASP8,1,PSEN1
CASP8AP2,1,NFKB1_RELA
LATS1,-1,WWTR1
CUL1_RBX1_SKP1,-1,FBXO15
FBXO15,1,CUL1_RBX1_SKP1
CCND1_CDK4,-1,RUNX3
PTPRC,-1,PRKCD
ARHGEF15,1,CDC42
MAPK3,-1,HSF1
HTR2C,1,GNAO1
HTR4,1,GNAI1
PPM1A,-1,CDK2
GRB10,1,PIK3CA_PIK3R1
PLK1,1,LRRK1
WNT1,1,FZD1
MAPK1,1,SMAD4
MAPK12,-1,TP53BP1
MAP2K1,-1,TAL1
MAPK14,1,HBP1
SHANK1,1,ACTN1
AKT1,-1,EZH2
IKBKE,1,ESR1
MAPK9,-1,RXRA
HTR2B,1,GNAQ
GAB1,1,PIK3CA_PIK3R1
ETS1,1,ITGA11
PCNT,1,CDK5RAP2
CAMK1,-1,NUMB
MAPK14,1,ELAVL1
MAPK1,1,STAT5A
PRKCA,1,PSEN1
SIRT1,1,PPARGC1A
H4C6,1,BRD4
PRKCA,1,PTPN6
PTPN1,-1,MAPK15
PINK1,-1,CYCS
FGFR1,-1,CTTN
MALT1,1,TAB2
HTR2B,1,GNAZ
FBXW7,-1,GATA2
NLK,1,YAP1
CSNK1A1,1,RELA
RNF11,1,SMURF2
PRKD1,-1,KCNH2
IL15RA,1,IL2RB
MAPK1,-1,NR3C1
SPOP,-1,TRIM24
WNT5A,1,RYK
MAPK8IP1,-1,NOTCH1
CSNK2A1,1,ARRB2
DEPTOR,-1,DEPTOR_EEF1A1_MLST8_MTOR_PRR5_RICTOR
PRMT6,-1,SIRT7
MAPK1,-1,STK11
PRKACA,-1,ITGB4
EID1,-1,EP300
NTSR1,1,GNAO1
GNAQ,1,BTK
PRKCA,-1,HRH1
PIK3CA_PIK3R1,1,BTK
HSPA1B,1,ENPP1
RBPJ,1,MAML2
ZC3HAV1,1,PARN
PRKD3,1,PAK4
CHEK2,1,PPP2R5C
KDR,1,PIK3CA_PIK3R1
SRC,-1,SIRT2
F2RL3,1,GNAI3
GIT1,1,ARHGEF6
RBPJ,1,DUSP1
CUL1_RBX1_SKP1,-1,MDM2
GFI1,-1,SPI1
CCT2_CCT3_CCT4_CCT5_CCT6A_CCT7_CCT8_TCP1,1,KRAS
CDON,1,BNIP2
TNF,1,TNFRSF21
GSK3B,-1,STAT2
AURKB,-1,RASSF1
FOXM1,1,CTNNB1
HDAC2,-1,CCND1
FAM83G,1,CSNK1A1L
FNTA,1,HRAS
DOK1,-1,ITGA2B_ITGB3
PRKACA,-1,IMMT
CCAR2,-1,SIRT1
CSNK1A1,-1,TIAM1
PPP1CA,1,MDM2
HNRNPU,1,TNF
PLK1,1,PRKN
NCOA1,1,ASXL1
ASXL1,1,NCOA1
INSR,1,BLVRA
SMURF1,-1,UVRAG
BMPR1A,1,SMAD5
TRIM25,-1,SFN
CSNK2A1,-1,BRMS1
CDH1,-1,FBXO31
PPP1CA,-1,TP53
ITGB1BP1,-1,ITGB5
TBK1,-1,NFKBIA
GNRHR,1,GNAI3
MAPK3,-1,MYB
TBL1XR1,-1,BCL3
RANBP2,-1,CDKN1B
FZD2,1,DVL1
TBK1,1,NFKB1_RELA
MAPK9,-1,YWHAZ
MTOR,1,NRBF2
SOX4,1,CTNNB1
CRHR1,1,GNAQ
MAPK14,1,CDKN1A
FOXA1,1,NFIX
FST,-1,GDF11
PPP2CA,-1,MAP3K3
CDC25A,1,CDK6
STK4,1,LATS1
LARP6,1,DHX9
TUBB,-1,SMAD2
PRKAA2,1,INSR
EPHB2,1,NRCAM
CSNK2A1,1,TNFAIP1
PRKAA1,1,TP53
OXTR,1,GNAI1
FYN,1,IFITM3
ATR,1,ZDHHC13
CDC25A,-1,MAPK3
SORT1,1,APOE
CHFR,-1,AURKA
PPP2CA,1,BCL2
MECP2,1,CREB1
SRC,1,TGFA
BTRC_CUL1_SKP1,-1,SMAD3
CDK1,-1,EPN1
USP7,1,UBA52
CDK5,1,STAT3
SRC,-1,RHOU
PRKCA,-1,DDX5
PRKAA1,1,HAT1
CCNB1_CDK1,1,PBK
RPS6KA4,1,NFKB1_RELA
PTEN,1,PPM1A
ATM,1,BUB1
CHEK1,-1,PABIR1
PPP2CA,-1,IRF3
CDK5,-1,RB1
MAPK8,1,LRP6
IL15RA,1,JAK1
PTK2,-1,ACTN1
CCNB1_CDK1,1,LATS1
SET,-1,PPP2CB
SH2B1,-1,SYK
PREX1,1,RAC1
EGFR,-1,PPARG
SMO,-1,SUFU
EDNRB,1,GNAS
PRKCZ,-1,MARK3
CBL,-1,CFLAR
MAPK1,1,SP3
CCP110,1,CALM2
SIAH1,1,NOTCH1
EDNRA,1,GNAZ
PRKCA,1,SDC2
CSNK1E,-1,EIF4EBP1
PDPK1,1,PRKCE
PRKCA,1,INSR
CDK1,1,ANAPC1
PRKD1,1,PTPN7
MAPKAP1,1,PRKCE
MAPK1,1,DUSP16
SLBP,1,H3C13
KDR,1,PLCG1
CSNK2A1,1,PTPRC
PRKACA,1,NFKB1_RELA
MDM2,-1,CDKN2AIP
PRKACA,1,GRK2
FERMT3,1,ITGB1
PLK1,1,PARP10
CDK2,1,USP37
SMURF2,-1,BMPR1A
STK4,-1,PIK3CA
LCK,1,CD247_CD3D_CD3E_CD3G
PRKCZ,1,STK11
TLN1,1,ITGB8
CHEK2,-1,MDM4
DYRK1B,-1,HDAC5
MTNR1A,1,GNAZ
CAPN3,1,GSK3B
AKT1S1_DEPTOR_MLST8_MTOR_RPTOR,1,GRB10
CSNK1D,1,DCK
RAB7A,1,RAC1
BTRC_CUL1_SKP1,-1,RAPGEF2
EPHB2,-1,RRAS
AKT2,1,XIAP
CDK1,1,BUB1B
RB1,-1,ANP32A
CUL1_FBXW2_SKP1,-1,GCM1
EIF2AK2,1,CASP1_NLRP1_PYCARD
IL4R,1,STAT5A
RNF168,-1,H1-2
PTPN1,-1,BCR
SMURF1,-1,SMAD9
GNAS,1,PIK3CA_PIK3R1
PRKACA,-1,HDAC8
BTRC,-1,RAP1GAP
CD274,1,PDCD1
RANGAP1,-1,MYCBP2
CHUK,-1,NFKB1_RELA
LRP2,1,PTCH1
PRKACA,-1,MARK2
EGFR,1,MUC1
F2RL3,1,GNAZ
PPM1A,-1,MAPK14
SIAH1,-1,NUMB
AKT1,1,RARG
CSNK1A1,1,CDK5
KCTD10,-1,RHOA
ITCH,-1,DTX1
TLN1,1,ITGA6_ITGB4
MAPK1,1,IL16
CDK1,-1,GATA2
ASH2L_DPY30_KMT2D_RBBP5_SETD1A_SETD1B_WDR5,1,ESR1
TIMP3,-1,MMP14
CDC34,1,CUL1_SKP1_SKP2
ERBB2,1,ERBB4
DLG1,1,ZAP70
INPPL1,-1,CBLC
PLK1,1,MDM2
THRA,-1,GATA2
ITCH,-1,JUNB
CDK3,1,JUN
CCNB1_CDK1,-1,CASP9
SAG,1,CUL5
KDM5B,1,FOXG1
CHRNA7,1,RHOA
CDKN2AIP,1,TP53
ANAPC1_ANAPC10_ANAPC11_ANAPC13_ANAPC2_ANAPC4_ANAPC5_ANAPC7_CDC16_CDC23_CDC26_CDC27,-1,USP37
PTPN22,-1,ZAP70
CCNB1_CDK1,-1,ARHGEF2
NEK6,1,SGK1
CTNNB1,1,TRRAP
AURKA,1,FADD
IKBKB,-1,NFKB1_RELA
PRKAA1_PRKAA2_PRKAB1_PRKAB2_PRKAG1_PRKAG2_PRKAG3,1,ALDH2
PRKCI,1,ECT2
MAPK3,1,LRP6
CSNK1A1,1,SMO
STK11,1,SIK1
SP3,1,ITGA11
MAPK14,1,AEBP2_EED_EZH2_RBBP4_SUZ12
AKT1,-1,DAB2IP
FLT3,1,GRB10
CCNB1_CDK1,-1,ABI1
MAP3K10,1,NEUROD1
FYN,1,CD79A_CD79B_P0DOX6_P0DOX7
DUSP14,-1,TAB1
CD79A_CD79B_P0DOX3_P0DOX8,1,SYK
CASP1_NLRP1_PYCARD,1,CASP1
JAK2,-1,CDKN1B
PSMF1,-1,ADRM1_PSMA1_PSMA2_PSMA3_PSMA4_PSMA5_PSMA6_PSMA7_PSMB1_PSMB2_PSMB3_PSMB4_PSMB5_PSMB6_PSMB7_PSMC1_PSMC2_PSMC3_PSMC4_PSMC5_PSMC6_PSMD1_PSMD11_PSMD12_PSMD13_PSMD14_PSMD2_PSMD3_PSMD4_PSMD6_PSMD7_PSMD8_SEM1
PIK3CG,1,PDPK1
CCNB1_CDK1,1,SIRT1
MINK1,1,KCNH2
FBXW8,1,CUL7_RBX1_SKP1
UBE2I,-1,SOX6
NIBAN2,1,HRAS
PPM1A,1,PIK3CA_PIK3R1
CSNK1E,-1,CTNNB1
KAT5,1,CHKA
PRKCA,1,PRKG1
EPHA2,1,YES1
DLK1,-1,NOTCH1
PRKCE,-1,FGFR2
ZNF318,-1,AR
ACVR1,1,LIN7C_PALS1_PATJ
CUL3,1,TNFAIP1
AMBRA1,1,TRAF6
RAB7A,1,PIK3C3
TGFB1,1,PIK3CA_PIK3R1
PPP2CA_PPP2R1A_PPP2R2B,1,GSK3B
CSNK2A1,-1,PIN4
MDM2,1,NOTCH1
PRKCG,1,GRK2
PRKCB,1,PIK3CG
ARHGEF4,1,RHOA
PRKAA1,1,FOXO4
PRKAA1,-1,NR2C2
CASP7,1,PSEN1
CALM1,1,PPP3CB
CCNE2_CDK2,1,E2F5
PTPRJ,1,CTNNB1
NUMB,1,TP53
STK3,1,PRKCA
PRKAA1_PRKAA2_PRKAB1_PRKAB2_PRKAG1_PRKAG2_PRKAG3,1,CSNK1E
PRKCE,1,STAT3
MAPK3,-1,STK11
ASF1A,1,MDC1
TLN1,1,ITGB3
PDGFRA,1,PTK2
PPP2R5D,1,RAF1
VRK3,1,DUSP3
CUL1_RBX1_SKP1,-1,IKBKB
CASP3,1,NFKBIA
ARRB2,1,INPP5D
SYK,1,IL15RA
PRKAA1,1,USP10
JAK3,1,NFATC1
GSK3B,1,CDH1
ERBB4,1,PIK3CA_PIK3R1
MAP2K1,1,GSK3B
NR3C1,1,CEBPB
KIF5B,1,GABBR1
ATM,-1,DAXX
PRKCD,1,FBXO25
MAPK8,1,PKMYT1
EIF2AK2,1,CASP1_NAIP_NLRC4_PYCARD
CAMK4,1,CREBBP
JAK1,1,EIF2AK3
GATA1,1,HDAC3
ADAM17,1,AREG
RPS6KA1,-1,CIC
PRKCB,1,TP73
NR1D1,1,OPHN1
YAP1,1,SMAD1
CUL1_RBX1_SKP1,-1,TTI1
DAB2IP,-1,KRAS
ITK,1,TEC
GNB1,1,PIK3CA_PIK3R1
DLGAP5,1,SHANK2
SRC,1,IQGAP1
CRBN_CUL4A_DDB1_RBX1,-1,CSNK1A1
LYN,1,CD79A_CD79B_P0DOX6_P0DOX8
PRKD1,-1,HDAC5
OXTR,1,GNAQ
NFKB1_RELA,-1,MYOD1
CSNK2A1,1,PHF8
PAK1,-1,ARHGDIA
TRAF6,1,ULK1
FZR1,-1,AURKA
CSNK2A1,1,PPP1R1B
AHSA1,1,HSP90AA1
NUAK1,-1,LATS1
CSNK2B,1,SORT1
STK11,1,SIK3
PPP1CC,-1,AKT1
JAK2,-1,PRMT5
CSNK2A1,1,PIK3R1
TNK2,-1,KDM3A
FBLIM1,1,FLNA
FAM83G,1,CD2AP
GSK3B,-1,PIAS1
IKBKB,-1,CDKN2A
MAPK1,1,GTF2I
USP2,1,TGFBR1
CSNK2B,-1,CTDP1
FYN,-1,PRKAA2
PRKCA,1,RALBP1
CUL1_SKP1_SKP2,-1,RBL2
TRIM24,-1,TP53
MAPK8,1,MAPK9
SMAD6,1,SMURF1
SMURF1,-1,SMAD6
PPP1CA,-1,AKT1
CCNB1_CDK1,-1,CASP8
GNB3,1,PIK3CA_PIK3R1
NAT10,-1,MDM2
PRKCZ,-1,MAP1LC3B
TLR2,1,TIRAP
CSNK1E,-1,LEF1
FZD3,1,GNA13
PIN1,1,MYC
PPP1R8,-1,PPP1CA
BTRC_CUL1_SKP1,-1,CD274
MAPK11,-1,TP53BP1
UBC,1,PRKN
PTPN22,-1,CD247
CD28,1,PIK3CG
PRKAA1_PRKAA2_PRKAB1_PRKAB2_PRKAG1_PRKAG2_PRKAG3,1,MTOR
HRH1,1,GNAI1
PPP2CA_PPP2R1A_PPP2R2B,-1,PDPK1
UBE2I,-1,IRF7
SMO,1,GNAI1
MAPK1,-1,CIC
MAPK1,-1,TSC2
PRKCD,1,PTPN7
IRS1,1,PIK3CB
PPP1CB,1,CASP2
GRIN1_GRIN2D,1,CTTN
HTR1B,1,GNAO1
PRKCI,-1,NUMB
PRKAA1,-1,SYN1
AKT1,1,CDK2
AMOT,-1,YAP1
CAST,-1,CAPN2
RUNX3,-1,NOTCH1
MAPKAPK2,1,PLK1
BLK,1,CD79A_CD79B_P0DOX3_P0DOX7
F2,1,GP1BA_GP1BB_GP5_GP9
ANAPC1_ANAPC10_ANAPC11_ANAPC13_ANAPC2_ANAPC4_ANAPC5_ANAPC7_CDC16_CDC23_CDC26_CDC27,-1,AURKA
CBL,-1,JAK2
HRH1,1,GNAZ
MDM2,-1,DYRK2
ADRM1_PSMA1_PSMA2_PSMA3_PSMA4_PSMA5_PSMA6_PSMA7_PSMB1_PSMB2_PSMB3_PSMB4_PSMB5_PSMB6_PSMB7_PSMC1_PSMC2_PSMC3_PSMC4_PSMC5_PSMC6_PSMD1_PSMD11_PSMD12_PSMD13_PSMD14_PSMD2_PSMD3_PSMD4_PSMD6_PSMD7_PSMD8_SEM1,-1,CTNNB1
CHFR,-1,SIRT1
PTP4A3,-1,ITGB1
DCK,-1,CDK1
MSH2,1,BLM
AURKA,1,NSD2
CYLD,-1,BCL3
DYRK2,-1,JUN
PRKCA,1,GRM5
ARHGAP35,-1,RHOA
GSK3B,-1,BLM
CUL1_RBX1_SKP1,-1,BIRC5
EDNRA,1,GNA13
IKBKE,1,NFKB1_RELA
CCNE2_CDK2,1,PRKAR1A
RPS6KA1,1,ESR1
STUB1,1,PRKN
CDK2,1,DLG1
CYCS,1,CASP9
AMOT,-1,WWTR1
ATM,1,KHSRP
CUL3_RBX1_SKP1,-1,PGAM5
PRKCD,1,TBL1XR1
WNK4,1,STK39
TRAF6,1,MCL1
AKT1,-1,GAB2
RET,1,AKT1
AURKB,1,PLEKHG6
RAB1A,1,AKT1S1_DEPTOR_MLST8_MTOR_RPTOR
TLN1,1,ITGB7
MAPK3,-1,NFATC1
NRAS,1,PIK3CG
PAK1,-1,WEE1
ZNRF1,-1,CAV1
PRKCG,1,ANXA1
OPHN1,1,RAC1
ANK2,1,PPP2R5A
FLT3,1,CTNNB1
CSNK1D,-1,WWTR1
MATK,-1,LYN
CUL1_RBX1_SKP1,-1,CHEK1
GRK2,-1,OXTR
LCK,-1,PRDX1
TRIM27,-1,ULK1
CXCL1,-1,PRKACA
CDK2,-1,PTPN12
MPG,-1,PPP2CA
PTGS2,1,MYOD1
PRKACA,1,ATF1
GSK3B,-1,NBR1
CALM3,1,PPP3CC
MAPKAPK2,1,ELAVL1
GRK2,1,EZR
CHUK_IKBKB_IKBKG,-1,CYLD
SMAD6,-1,SMAD4
SIRT7,-1,ATM
ABL2,1,CEBPB
MELK,-1,PDPK1
GSK3B,-1,CCND2
NLGN2,1,MAGI2
WDR62,1,MAP2K4
ANKS1B,1,DLG4
ABL1,-1,PRKN
NFIB,-1,NFIC
PRKCD,-1,HNRNPK
PRKACA,-1,CAMKK1
SQSTM1,-1,SOD1
AQP5,1,CCND1_CDK4
PRKAG1,1,PRKAA2
CDK1,-1,VHL
CAMK2A,1,ITGB1BP1
MAPK8,-1,NR3C1
CEP76,-1,PLK1
RRAGD,1,AKT1S1_DEPTOR_MLST8_MTOR_RPTOR
SRC,1,HSP90AB1
MAP1LC3C,-1,NBR1
AKT1,-1,RPS6KA3
MAPK10,-1,SFN
FCRL3,1,SYK
MYOD1,1,SMARCA4
BDKRB2,1,GNAO1
PIK3R1,1,PIK3CG
ATAD5,1,BRD4
AKT1,-1,SH3RF1
STK24,1,STK38L
TNFAIP1,-1,RHOA
BDKRB2,1,GNAI1
SRC,1,ARHGEF4
FYN,1,PTPRF
GCSAM,-1,GRB2
DDB1,1,E2F1
SLBP,1,H4C6
RRAGD,1,RPTOR
HTR2C,1,GNAZ
CSNK2A1,1,PTGES3
LZTR1,-1,KRAS
LATS1,1,AMOT
CILK1,1,AKT1S1_DEPTOR_MLST8_MTOR_RPTOR
HASPIN,1,PLK1
CUL3_RBX1_SKP1,-1,RBBP8
RELA,1,SP1
PRKCA,-1,HMGN1
MAPK10,-1,CDC25C
PTPN1,-1,GAB1
YWHAH,-1,CDKN1B
RPS6KB1,-1,MRE11
AKT2,-1,STK3
PRKCA,1,CDKN1A
OTUB1,1,TP53
UNC5A,-1,DCC
DEF6,1,CDC42
TRIP13,-1,BUB1B_BUB3_CDC20_MAD2L1
TNKS,-1,PSMF1
SKP2,-1,MYBL2
NR3C1,1,LCK
CCNE2_CDK2,-1,TP73
IFNB1,1,IFNAR1_IFNAR2
ERN1,1,TRAF2
DUSP1,-1,MAPK9
PRKAR1A,-1,PRKACB
CDK1,1,DCTN6
GNG3,1,PLCG1
CD19,1,PIK3CA_PIK3R1
PRKCB,1,NFE2L2
LEPR,1,PTPN11
CDK5,1,GRIN2A
CSNK1A1L,1,GLI2
CUL1_RBX1_SKP1,-1,TP73
PTPN2,-1,FYN
APH1A_NCSTN_PSEN1_PSENEN,1,NOTCH2
EIF2AK2,1,PPP2R5A
CSNK1D,-1,SMARCA4
FGFR4,1,STAT1
ACP1,-1,PTK2
EGFR,-1,CTNND1
STK38,-1,YAP1
PIM1,-1,CDKN1B
FGFR2,-1,FRS2
AKT1,1,BLVRA
PRKCD,1,GRK2
SMO,1,CXCL1
RUNX2,1,CREBBP
RNF111,-1,PML
GRIN1_GRIN2B,1,CTTN
CBL,-1,PIK3CA_PIK3R1
SHOC2,1,PPP1CA
RNF8,1,H2AX
PRKCZ,1,NFKB1_RELA
KDM4C,1,AR
FRAT1,1,APC_AXIN1_GSK3B
DYRK1B,-1,HDAC9
MAPK14,1,BAZ1B
HDAC1,1,FOXO3
CUL1_FBXW7_SKP1,-1,PDCD1
MAPK1,1,PTTG1
CCND1_CDK4,1,KAT2A
PPP1CA,-1,STAT3
PRKACA,-1,LRRK2
CCNA2_CDK2,1,CDK7
CREBBP,1,STAT2
PRKCA,1,FERMT3
FZD4,1,LRP6
SHANK3,1,ACTN1
MOB1B,1,LATS1
SLBP,1,H2AX
CDK1,-1,PPM1D
PRRX1,-1,MAFG
PTPN6,-1,PKM
PTPRJ,-1,PIK3R1
HTR2C,1,GNA12
ATM,1,PRKAA2
STXBP1,1,NRXN1
PAX7,1,ASH2L_DPY30_KMT2D_RBBP5_SETD1A_SETD1B_WDR5
SIK2,1,PIK3R1
PIAS1,1,DDX5
CAST,-1,CAPN1
AKT3,1,TBX3
CCNB1_CDK1,-1,PPM1D
CHUK,-1,TRAF4
NF1,-1,KRAS
CDK1,1,LATS1
PRKCD,1,MUC1
MAPK3,-1,THRB
CSNK2A1,1,TWIST1
PPP2R5B,-1,AKT1
CSDE1,-1,FOS
ARHGAP31,-1,RHOA
ATR,-1,MDM2
EGFR,-1,LRRK1
PRKCA,-1,MYOD1
ACVR2B,1,SMAD2
CTNND2,1,CDH1
CSNK2A1,1,MRE11
PRKCZ,-1,BAX
PRKACA,1,HSF1
PDPK1,1,PRKCD
CDK5RAP2,-1,CDC20
NCK1,1,SOS1
EGFR,-1,HDAC6
MST1R,1,ABL1
CDK1,-1,FOXO1
CCNB1_CDK1,-1,DDX3X
ADAM17,1,NOTCH1
FPR1,1,GNAI1
PAK1,-1,PREX2
F2RL1,1,GNAI1
PRKCB,1,EIF4E
IFITM3,1,APH1A_NCSTN_PSEN1_PSENEN
ASXL1,1,RXRA
ITCH,-1,BID
CDK1,1,RUNX2
HRH1,1,GNAQ
FYN,-1,IKBKG
AKT2,-1,TSC1_TSC2
CSNK1A1,-1,FADD
SHC3,1,GRB2
PRKAA2,1,TSC2
HTR4,1,GNAL
AEBP2_EED_EZH2_RBBP4_SUZ12,-1,KDM5B
PIK3CA_PIK3R1,1,PIK3CG
CCNA2_CDK2,1,ESR1
CDK1,1,SP1
GSK3B,-1,PHLPP1
PTPRA,-1,LYN
PPP2R5C,1,PPP2CA
CDK5,1,PPP1R1B
PPP2CB,-1,PRKCB
CDK2,-1,GATA3
ANK3,1,GABARAP
CCNA2_CDK2,1,CEBPB
TBK1,1,SQSTM1
PPP2CB,-1,AKT2
BTRC,-1,GLI1
EIF2AK2,1,AIM2_CASP1_PYCARD
CSNK1E,1,BID
ITK,-1,BTK
CSNK2A1,1,KLF1
KSR1,1,ARAF
PPP2CA_PPP2R1A_PPP2R2B,1,MAP3K5
PTPRR,-1,MAPK7
HTR1E,1,GNAZ
CDKN1A,-1,CDK4
PLK1,1,DVL2
CUL1_RBX1_SKP1,-1,JUN
CREBBP,1,IFNAR2
MTNR1B,1,GNAZ
UBE3A,-1,DLG4
CALM2,1,PPP3CC
CDCA2,1,PPP1CC
CDK2,-1,CDKN1B
PRKAA1,-1,BTRC
TLX1,-1,ETS1
GTF2I,1,KDM1A
MYCBP2,1,RAN
EGFR,1,GNAI1
FGF1,1,FGFR3
AKT1,1,CLK2
PHLPP1,1,STK4
CHUK_IKBKB_IKBKG,-1,NCOR2
NR3C1,1,CAV1
FUS,1,SHANK1
PPP3CC,1,NFATC1
MAPK14,-1,TP63
APH1A,1,PSENEN
ICAM1,1,ITGAL
CDH1,1,LRP6
BAMBI,1,DVL2
BTG2,1,NFE2L2
FBXL7,-1,BIRC5
MYD88,1,DHX9
PHLPP1,-1,PRKCB
CHEK2,1,BECN1
PTPN22,-1,LCK
IKBKG,1,NFKB1_RELA
CDK1,1,NME1
TSHR,1,GNAQ
PAK1,1,ARAF
PRKACA,-1,APC
PTEN,1,NCL
PRKAA1,-1,EP300
HTR1D,1,GNAO1
PPM1A,-1,IKBKE
CDK1,1,TOB2
DVL1,-1,APC_AXIN1_GSK3B
SMAD3_SMAD4,1,JUN
SOD1,1,ERN1
GSK3A,-1,NOTCH1
F2RL2,1,GNAL
PREX2,1,CDC42
PLK1,-1,CDC20
SOD1,1,BCL2
DSCAM,1,STAT3
UBE2I,-1,FOS
CDK7,1,NR5A1
DOK3,1,GRB2
RNF111,1,AP2M1
PHLPP1,-1,AKT1
AKT1,-1,TAL1
HEXIM1,1,KDM5B
CDK1,-1,KDM5B
FERMT3,1,ITGB3
CDC25A,-1,RAF1
SGK1,1,FBXW7
AKT1,1,WNK1
PRKCA,-1,SRC
PRKCD,-1,EGFR
MAPK1,-1,MCRIP1
CUL2_ELOB_ELOC_RBX1_VHL,-1,EGFR
SHANK2,1,ACTN1
TLN1,1,ITGB2
CCNB1_CDK1,-1,MCL1
PRKAB1,1,ULK1
CDK1,-1,TP73
PPP1CA,1,RAF1
MAPK3,-1,BRD4
DLGAP5,1,SHANK3
HTR1E,1,GNAO1
TEK,1,PIK3CA_PIK3R1
USP13,1,MYC
ECSIT,1,MAVS
PPP2CA,1,PREX2
CABLES1,-1,CDK2
PRKAR1A,-1,PRKACA
CUL1_RBX1_SKP1,-1,AURKB
CCNB1_CDK1,1,NME1
CASP3,1,PSEN1
RHOA,1,FHL2
ERBB2,1,DOCK7
CDK1,1,HASPIN
PPP3CA,-1,FLNA
SORBS1,1,CBL
MAPK9,1,PSEN1
GSK3B,-1,RBM38
RPS6KB1,1,GLI1
PRKAR2A,-1,PRKACB
PHLPP1,-1,PRKCA
JAK2,1,APOA1
LYN,1,CD79A_CD79B_P0DOX6_P0DOX7
AKT2,-1,FOXO1
CD79A_CD79B_P0DOX6_P0DOX7,1,SYK
SIK2,-1,CDK5R1
GNAQ,1,ARHGEF25
AKT1,-1,RNF11
F2,1,F2RL1
FBXO31,-1,MDM2
AKT2,-1,STK4
KAT2A,-1,PLCG1
CREBBP_EP300,1,MEF2C
GRIN1_GRIN2A,1,CAMK2A
ILK,1,PPP1R14B
CSNK2A1,1,CCAR2
ARRB2,-1,ADRB2
CAMK1,-1,HDAC5
VCPIP1,1,VCP
CDK1,-1,EIF4EBP1
BIRC5,1,XIAP
CUL1,-1,CTNNB1
CDK1,-1,MDM4
CDK1,-1,CDKN1B
MAPK1,1,TAGLN2
CDK7,-1,E2F1
AKT3,1,CHUK
PRKCA,1,ARRB1
CUL1_SKP1_SKP2,-1,CDKN1B
RANBP2,1,TNPO1
CAMK1,1,GCM1
DOK1,-1,ITGB2
DUSP3,-1,NPM1
IL1R1,1,MAPK9
CDK5,-1,HTR1A
TLR4,1,TICAM1
CCNO,1,CDK1
HDAC3,-1,YY1
CHEK2,1,KIT
PARP10,1,G3BP1
ADRA1B,1,GNAL
RHOA,1,MAPK8
AKT2,-1,PTPN1
RNF4,-1,PML
CHFR,-1,SMARCA4
HSPA1A,1,ENPP1
GRIN1_GRIN2A,1,DLG4
PTPN12,-1,SHC1
FGFR1,1,AMOTL2
MAP3K8,1,PLK1
HDAC1,-1,NFKB1_RELA
PLK1,1,CDC25B
APH1A_NCSTN_PSEN1_PSENEN,-1,DSCAM
STK38,1,AAK1
ABL1,1,HIPK2
CSNK1A1,1,GSK3B
MAPK8,1,PKM
PRKAA1_PRKAA2_PRKAB1_PRKAB2_PRKAG1_PRKAG2_PRKAG3,1,GAPDH
SRC,1,ARHGEF2
PPM1A,-1,APC_AXIN1_GSK3B
PHLPP1,-1,AKT3
FGFR4,1,STAT3
SYK,-1,DEPTOR
PRKCA,-1,PRKAA1
CYLD,1,MAP3K7
RNF7,-1,NF1
CREBBP_EP300,1,YY1
TRAF6,1,CSNK2A1
KDR,1,PIK3R1
EPHB2,-1,ARHGEF15
SYN3,1,ACTB
F2RL3,1,GNAS
LYN,1,MAP4K1
ROR2,1,MAPK8
PPP2R2C,-1,SRC
CAPN3,1,CDK5_CDK5R1
RASGRF2,1,CDC42
CDK1,1,KRT18
HSP90AA1,1,TGFBR1
PRKACA,-1,NEDD4L
GNG2,1,PLCG1
RPS6KA1,1,AKT1S1_DEPTOR_MLST8_MTOR_RPTOR
FBXW7,-1,DAB2IP
PRKCD,-1,CDK5
FN1,1,SDC4
PTH1R,1,GNAS
CCP110,1,CALM1
GSK3A,-1,MCL1
ITGB1BP1,-1,ITGB6
BMX,1,BCAR1
CDK1,-1,CASP9
PPP2CB,1,CHEK2
CDK1,-1,PPP1CA
ZRANB1,1,UVRAG
CUL2_ELOB_ELOC_RBX1_VHL,-1,TNFRSF1B
VCP,-1,AURKA
CUL1_FBXW7_SKP1,-1,STAT2
CSNK2A1,1,TP53
CDK5RAP2,1,CEP63
ATM,1,PIDD1
PRKACA,-1,PRKAA2
NEDD4,-1,KCNH2
STUB1,-1,TAL1
TRPM7,1,ANXA1
CSNK2B,1,RNF7
PPP1CA,1,IFIH1
MC4R,1,GNAL
PRKCG,1,GSTP1
CDC25A,1,CCNE2_CDK2
NFKB1_RELA,-1,MAP3K8
AKT2,-1,ADARB1
ADRA1B,1,GNAQ
GSK3B,-1,MUC1
G3BP1,-1,RIGI
CDK8,1,STAT1
ROCK1,1,EZR
TRIM23,1,TBK1
ARHGDIA,-1,RAC1
TNIP1,1,TAX1BP1
PRTN3,1,AGT
PHLPP1,-1,AKT2
DUSP1,-1,JUN
CUL3,-1,RHOA
MAPK14,1,JUNB
HTR1F,1,GNAI1
PTPN11,-1,SYK
EIF2AK2,-1,KDM4C
HDAC8,-1,TP53
MID1,-1,PPP2CA
PPP1CA,-1,MAPK1
ESR1,1,PIK3R1
CUL3_RBX1_SKP1,-1,PPP2R5B
INSR,-1,CALM3
CUL3_RBX1_SKP1,-1,ULK1
CUL1_RBX1_SKP1,-1,NFKBIB
MIIP,1,RELA
ADAM17,-1,MUC1
KHDRBS1,-1,CREBBP
CDK7,1,CDK1
BRAF,-1,EEF1A1
PLEKHG2,1,PIK3R3
CCNF,-1,FZR1
FYN,1,RPS6KA3
PRKACA,-1,FRAT1
DRD1,1,GNAZ
MAPK3,1,PTPN7
GSK3A,-1,NBR1
MMP2,-1,DCN
CAMK2A,-1,NCOR2
ARHGAP31,-1,CDC42
MAPK11,1,TWIST1
PPP1CA,1,CCND3
PIK3R1,1,PIK3CB
USP37,-1,FZR1
MECOM,-1,RUNX1
IGF1R,1,PIK3R3
CD22,1,SH2B1
MAPK3,-1,LAT
PRKCG,1,PEBP1
RB1,-1,TRIP11
PPP1CC,1,MDM2
CD300LB,1,GRB2
WWP2,1,WWP1
PAK1,-1,NF2
PRKCG,-1,GSK3A
SNX9,1,DNM2
FYN,-1,PTPRT
CDK2,1,FOXK2
DOCK7,1,CDC42
TNK2,1,SNX9
TNIP1,-1,TRAF3
TEK,1,SHC1
CTNND1,1,CDH2
CDK1,-1,SLBP
CDK5,-1,MAPK10
BTRC_CUL1_SKP1,1,MYC
ANAPC1_ANAPC10_ANAPC11_ANAPC13_ANAPC2_ANAPC4_ANAPC5_ANAPC7_CDC16_CDC23_CDC26_CDC27,-1,PPM1D
CDK2,1,NFYA
MAPK1,-1,APC_AXIN1_GSK3B
MAP3K11,1,PIN1
PSENEN,1,RYK
LIN7C_PALS1_PATJ,1,SMAD4
PTPN11,1,GRB7
ATR,-1,CREB1
DEF6,1,RAP1B
PRKAA1_PRKAA2_PRKAB1_PRKAB2_PRKAG1_PRKAG2_PRKAG3,1,INSR
CUL3_RBX1_SKP1,-1,PIK3C3
AKT1,-1,ADARB1
TLN1,1,ITGB6
MAPK9,1,PIN1
PLK1,-1,RAP1GAP
KNL1,1,BUB1B
PRKACA,1,FOS
CUL1_FBXW7_SKP1,-1,GFI1
PRKCD,-1,CDH1
AKT2,-1,GSK3A
GAB2,1,PIK3CA
MAPK3,-1,CTNND1
ANAPC1_ANAPC10_ANAPC11_ANAPC13_ANAPC2_ANAPC4_ANAPC5_ANAPC7_CDC16_CDC23_CDC26_CDC27,-1,PTTG1
SKI,-1,SMAD2_SMAD4
MAPK1,1,NR5A1
TNF,1,PIK3CG
PRKACA,-1,RET
MAPK14,1,TWIST1
LIN28A,1,IGF2
IKBKE,1,NFATC1
MAPK14,1,EZH2_SUZ12
MAPK14,1,ADAM17
MMP2,1,LAMC2
ELANE,1,AGT
PAK1,-1,HACE1
APBA1,1,NRXN1
USP24,1,DDB2
PRMT1,-1,FUS
ERBB3,1,PIK3CA
RPS6KA3,-1,GSK3A
MAPK9,1,H2AX
ARHGEF12,1,RHOA
HTR1A,1,GNAI1
PTPN2,-1,SHC1
MYOG,1,ACTL6A_ARID1A_ARID1B_ARID2_SMARCA4_SMARCB1_SMARCC1_SMARCC2_SMARCD1_SMARCE1
NEDD4,1,N4BP1
PLK1,1,RSF1
RUNX2,-1,NOTCH1
AURKB,1,TP53BP1
DAB2IP,-1,PIK3R1
PPP2R5A,1,TGFBR1
UBXN2B,-1,AURKA
DIAPH1,1,CDH4
MAPK1,-1,CEBPA
APH1A_NCSTN_PSEN1_PSENEN,1,NOTCH1
NASP,-1,TRAF6
CAMK2A,1,PEA15
NRCAM,1,ANK2
AKT1,1,MDM4
SUN1,1,NUP153
CDK1,1,KAT7
PTPN5,-1,FYN
ADAM10,1,ERBB2
YAP1,-1,RUNX2
NLGN2,1,DLG4
CUL3_RBX1_SKP1,-1,BECN1
EPB41,1,NUMA1
GNG2,1,GNB1
GNB1,1,GNG2
PRKAA1,1,PIAS1
PRKAA1_PRKAA2_PRKAB1_PRKAB2_PRKAG1_PRKAG2_PRKAG3,1,KPNA2
LARP1,1,AKT1S1_DEPTOR_MLST8_MTOR_RPTOR
CTDP1,-1,CDK1
CTDP1,1,WEE1
ATM,1,PPM1G
ABL2,1,IRF3
RAC1,1,ROCK1
CDK1,-1,BCL2L1
ABL1,-1,PDP1
MORC2,1,NAT10
CTNND1,1,RAC1
OPRK1,1,GNAZ
PPP1CC,1,RIGI
PLK1,1,AXIN2
MET,1,IQGAP1
MAPK1,1,DYRK1B
FZD2,1,DVL2
SH3GLB1,1,CBL
CHEK1,1,AURKB
AXIN2,1,GSK3B
GSK3A,1,RELA
ESPL1,1,RAD21
JAK2,1,BRD4
PAK6,1,SYNJ1
RBL2,1,RAD50
FZD4,1,DVL3
GABARAP,1,GPHN
FZD4,1,LRP5
MAPK1,-1,PGR
PRKCZ,-1,PIAS4
UBE3A,-1,RAD23B
TNK1,1,PLCG1
DVL1,-1,GSK3B
GSK3B,1,FBXO4
CSNK2A1,1,NOL3
DUSP16,-1,MTOR
MAPK8,-1,STAT6
AKAP5,1,PPP3CC
MAP2K6,1,PAK6
PTPRJ,-1,FLT3
TGFBR1,1,RHOA
CDK5,1,HTRA2
CSNK2A1,1,RANGAP1
CUL1_RBX1_SKP1,-1,PIK3R2
MAP3K1,-1,FADD
CTNND2,1,CDH5
RPS6KB1,1,ESR1
CHFR,-1,PBK
BRD4,1,EP300
PRKACA,1,TRIM71
GATA3,-1,CEBPB
DAB2IP,1,MAP3K5
CDK5,-1,HTR6
NEDD4L,1,NF2
MCF2,1,RHOA
CDK1,1,MAPK3
PAK3,1,SYN1
LATS2,-1,ABL1
GNGT1,1,PIK3CG
CCNH_CDK7_ERCC2_ERCC3_GTF2H1_GTF2H2_GTF2H2C_2_GTF2H3_GTF2H4_GTF2H5_MNAT1,1,ESR1
PLEKHG6,1,RAC1
CHEK2,-1,BLM
CUL1_SKP1_SKP2,-1,MYC
ITGB1BP1,-1,ITGB3
CUL1_SKP1_SKP2,-1,E2F1
PRKCQ,1,TBK1
TLR2,1,TICAM1
PSME3,-1,SIRT7
PRKCA,-1,PEA15
PIK3CA_PIK3R1,-1,BAD
SKIL,-1,SMAD2_SMAD4
DAB2IP,-1,NRAS
UCHL3,1,UBA52
MAPK8,1,MYC
CD79A_CD79B_P0DOX3_P0DOX7,1,SYK
DYRK1B,1,CDKN1B
FUS,1,DLG4
GRIN1_GRIN2A,1,CTTN
CUL3,1,KCTD10
CDK1,1,CC2D1A
BTRC_CUL1_SKP1,-1,BHLHE40
FGR,-1,IKBKG
EGFR,1,ATM
PIAS1,1,AKT1
PPP1R8,1,EZH2
ANP32A,1,CASP9
AKT1,-1,KHSRP
CBL,-1,EPHA2
RNF31,1,NR0B1
CCNB1_CDK1,-1,TP53BP1
PRKCA,-1,ITGB4
CUL3_RBX1_SKP1,-1,CEBPB
CUL3_RBX1_SKP1,-1,PIK3R2
VHL,1,TP53
SMAD3_SMAD4,1,YAP1
PPM1D,1,RUNX2
HSPA9,-1,MVD
PRKAA1,-1,SIRT7
MAPKAPK2,1,MDM2
NEDD4,-1,SPRY2
AURKB,-1,ARHGEF2
RNF7,-1,CDKN1B
SIRT2,-1,KAT2B
CDK4,-1,RUNX3
TLR9,1,TIRAP
CUL1_RBX1_SKP1,-1,GSTP1
GNG12,1,PIK3CA
EGFR,1,NIBAN2
CHUK,-1,CCND1
ARMC10,-1,TP53
TP53INP1,1,GABARAP
PRKCB,1,CFLAR
PRKCB,1,RAF1
TTI1,1,DEPTOR_EEF1A1_MLST8_MTOR_PRR5_RICTOR
SMO,1,GATA3
SRC,1,FHIT
PTPRJ,-1,PDGFRB
AMOTL2,1,SRC
MTNR1B,1,GNAI3
MAPK14,-1,CDC25C
NFASC,1,ANK3
SPRY1,-1,SOS1
SLBP,1,H3-4
CDK11A,1,PAK1
ATM,1,WRAP53
MAPK14,1,FOXO3
TLN1,1,ITGB4
SRC,-1,YY1
GNB3,1,PIK3CA
F12,1,GP1BA_GP1BB_GP5_GP9
PRKAA1_PRKAA2_PRKAB1_PRKAB2_PRKAG1_PRKAG2_PRKAG3,1,FOXO4
TRIM23,1,TRAF6
CAMK2A,1,ID1
WWP1,-1,TP73
SIRT7,-1,RAN
CDK1,-1,RAB1A
SMAD3_SMAD4,1,ATF2
MAPK8,-1,RXRA
MYOG,-1,FBXO32
PIM1,1,CDKN1A
PTP4A3,-1,EZR
MAPK14,-1,GSK3B
MAPK8,-1,AIMP1
ATM,1,FBXW7
CARM1,-1,RUNX1
CHUK,-1,TSC2
CUL1_FBXW7_SKP1,-1,BIRC2
PAX3,1,LEF1
PPP2CA,1,MDM2
UBE2N,1,TRIM63
TRAF2,1,TICAM1
CSNK2A1,-1,CTNNA1
RNF8,1,BLM
USP24,1,BAX
NFKB1_RELA,1,SP1
LRP5,-1,APC_AXIN1_GSK3B
PPP1CA,1,PFN1
AKT2,1,EZR
SH3RF1,1,RAC2
CUL1_RBX1_SKP1,-1,CHUK
AKT1,-1,HTRA2
RAD23B,1,CCNH_CDK7_ERCC2_ERCC3_GTF2H1_GTF2H2_GTF2H2C_2_GTF2H3_GTF2H4_GTF2H5_MNAT1
IKBKE,1,STAT1
MAPK1,-1,TSC1
SNX9,1,DNM1
LAT,1,PIK3R2
PRKAA1,-1,RB1
MAPK8,-1,PPARG
KAT2B,-1,GLI1
MELK,1,EZH2
FZD2,1,LRP6
AURKB,-1,HDAC5
RPS6KA5,1,NFKB1_RELA
FGG,-1,FN1
CC2D1A,1,RAD21
CDH4,1,CTNNB1
SRC,1,EPHA2
ADRB2,1,GNAL
CSNK2A1,-1,TTI1
PRKAA1,-1,RAF1
MMP9,1,TGFB1
PRKCA,1,TP73
AKT1,1,YWHAZ
PPP2CA,-1,MAP2K2
ITGA2B_ITGB3,1,FGA
RACK1,1,LARP4B
ACVR1B,1,TDP2
MAPK14,1,CFLAR
RELA,1,HDAC4
CSNK2A1,1,OTUD5
ITGA6_ITGB4,1,PIK3CA_PIK3R1
TGFBR2,1,PIK3R2
HRAS,1,PIK3CB
FYN,1,CD79A_CD79B_P0DOX3_P0DOX7
PLK1,1,RAN
CDK4,-1,BRCA1
DRD2,1,GNB5
RPS6KA1,1,FLNA
ADAM10,1,NOTCH1
BCAR1,1,PIK3R1
PRKAA2,1,TSC1
LRRK1,1,CDK5RAP2
MDM2,-1,PPARG
GIT1,1,MAP2K1
AKT1,-1,MAP2K4
ARHGEF25,1,RAC1
MAPK14,-1,RB1
PRKAA1,-1,HDAC4
PTPN1,-1,EPOR
FYN,1,MAPK14
PPP1CA,-1,AURKA
AURKB,1,ATM
PTPN6,-1,VAV1
CDK1,-1,PML
CSNK2B,-1,SET
DAB2IP,-1,CTNNB1
TNFRSF1B,1,TRAF1
MCL1,-1,BAX
FZD5,1,LRP6
MAPK9,-1,CDC25C
VCP,1,UFD1
F2RL2,1,GNA12
PRKACA,-1,GNA13
CDK1,-1,PTHLH
TAOK1,1,STK4
PPP2CA,-1,HDAC2
ABL1,1,ATR
F2RL3,1,GNAL
CDK1,-1,NCOA3
CAMKK1,1,AKT1
CAPN1,-1,F2RL1
DOK1,-1,ITGB1
AURKB,-1,HDAC9
MAPK3,-1,PGR
FHL1,-1,RBPJ
HIPK2,1,MECP2
GNGT1,1,PIK3CA_PIK3R1
ERRFI1,-1,ERBB2
SMURF2,-1,SMAD5
AKT2,-1,RAF1
CIC,1,ACTL6A_ARID1A_ARID1B_ARID2_SMARCA4_SMARCB1_SMARCC1_SMARCC2_SMARCD1_SMARCE1
FZD6,1,DVL1
PIK3AP1,1,PIK3CA
PPP3CA_PPP3R1,1,NFATC1
CSNK2A1,1,IL16
CHEK1,-1,E2F6
CBLB,-1,PIK3R2
IKBKE,-1,FOXO3
PTPN12,-1,ABL1
ADAM17,1,TGFA
CDKN1A,-1,CDK3
PTPN5,1,MAPK14
PRKCD,-1,TRIM28
STUB1,-1,SMAD4
TAOK1,1,STK3
MOB1A,1,LATS2
FYN,1,TRIO
PTH1R,1,GNAQ
PTK2,1,TRIO
PRKAA1_PRKAA2_PRKAB1_PRKAB2_PRKAG1_PRKAG2_PRKAG3,1,FOXO1
PLK1,1,MYC
SF1,-1,FUS
CSNK2A1,1,XPC
NGEF,1,RHOA
ZRANB1,-1,TWIST1
SIRT7,-1,DDB1
SKP2,-1,SMAD4
MET,1,GSK3B
PRKAA1,-1,CRTC2
F2,1,F2RL3
TP53BP2,-1,PPP1R14A
PAK1,1,ESR1
CTNNB1,-1,PPARG
SDC4,1,DVL3
MAPK1,-1,CDKN1A
AREL1,-1,SEPTIN4
CUL1_RBX1_SKP1,-1,CCND2
ERBB3,1,PIK3CG
ITGB4,1,PIK3CG
PRKCD,1,DAP3
TANK,1,DUSP14
CHEK2,1,SOD1
NF2,1,LATS2
PPP1CC,1,CASP2
CUL1,-1,CDKN1B
AKT1,-1,IRAK1
LCK,1,LAT
KRAS,1,PIK3CA
PRKCA,1,CFLAR
CCNE2_CDK2,1,CDC25C
SH2B2,-1,INSR
PTPN11,-1,ITK
EGLN2,-1,FOXO3
DCTN6,1,PLK1
BTRC_CUL1_SKP1,1,NFKB1
DEPTOR,-1,AKT1S1_DEPTOR_MLST8_MTOR_RPTOR
MAPK8,1,CDKN1A
ADRB1,1,GNAL
ATG14,1,PIK3C3
PDPK1,-1,ITGB3
GSK3B,-1,MAP3K4
CCNB1_CDK1,1,KMT5A
CDK2,1,PRKAR1A
WWTR1,-1,PPARG
PDGFRA,1,SRC
TP53,1,CREBBP_EP300
APC_AXIN1_GSK3B,-1,ROR2
GSK3B,-1,CCND1_CDK4
PAK2,-1,MKNK1
CDK1,1,CDC7
TBR1,1,FOXP2
CHEK2,-1,RASGRF1
TGFBR1,1,RAC1
RNF31,1,IKBKG
DDX5,1,RUNX2
PRKCD,1,ADRA2A
PRKAA1_PRKAA2_PRKAB1_PRKAB2_PRKAG1_PRKAG2_PRKAG3,-1,HDAC4
RNF138,-1,LEF1
OTUB1,-1,ESR1
PRKCG,-1,STXBP1
HDAC1,-1,MYOD1
GOPC,-1,ADRB1
KEAP1,1,CUL3_RBX1_SKP1
BTRC_CUL1_SKP1,-1,ATF4
HSPA1A,-1,NR3C1
HRAS,1,PIK3CA_PIK3R1
RBPJ,1,MAML3
CUL5,-1,DAB1
CSNK2A1,-1,CDC25C
AKT1,1,CREBBP_EP300_KAT2B
PIK3R3,1,PIK3CA_PIK3R1
TLR9,1,TICAM1
F2RL3,1,GNAO1
KIF7,1,GLI1
MAPK1,-1,BAD
CAPN2,1,GSK3A
NR3C1,1,KAT2B
CUL1_RBX1_SKP1,-1,BRCA1
PAK1,1,AURKA
ARHGEF5,1,RHOA
MAPK3,1,SP3
TP53,1,BAK1
AKT1,1,TP53RK
DAXX,1,MDM2
MAP4K3,1,PRKCQ
CDK5,1,SRC
MAPK3,-1,APC_AXIN1_GSK3B
SMAD6,-1,NR2C2
AKT2,-1,HTRA2
PRKACA,1,AURKA
SOCS1,1,CUL2_ELOB_ELOC_RBX1_VHL
F2RL3,1,GNA12
HDAC3,1,SMAD7
GAB2,1,PIK3CA_PIK3R1
CASP8AP2,1,NFKB1
CAMK2A,1,PTK2
TRADD,1,CASP8
PTPN1,-1,CAV1
PRKCB,1,ICOSLG
PJA2,-1,PRKAR1B
SIRT2,-1,MYOD1
TTK,-1,ABL1
UBE2I,1,FOXL2
AKT2,1,CREB1
ATR,1,XPC
PPP2R5B,1,CASP3
CUL3_RBX1_SKP1,1,BMI1
TAOK3,1,STK3
CNKSR1,1,RASSF1
GSK3A,-1,ANKRD28
TLR4,1,MAPK14
CDK4,-1,MYOG
AKT1,1,MVD
CHEK2,1,FOXM1
HSP90AA1,1,PPP5C
HSP90AA1,1,FLCN
PRKACA,1,TPH1
CSNK2A1,-1,SET
IL6R,1,JAK2
MAML1,-1,H4C6
ANAPC1_ANAPC10_ANAPC11_ANAPC13_ANAPC2_ANAPC4_ANAPC5_ANAPC7_CDC16_CDC23_CDC26_CDC27,-1,CLSPN
GOPC,1,BECN1
MAP2K6,1,CRK
CSNK2A1,-1,FKBP4
CSNK2A1,-1,CASP2
PPP2CA,1,CHEK2
TRIB3,-1,AKT1
SMURF1,-1,DAB2IP
EP300,1,MYOD1
PIAS1,1,TP53BP1
RND1,1,MAPK8
NBR1,1,MAP1LC3A
PRKCZ,-1,GSK3B
CDK5_CDK5R1,-1,MAP2K1
CAMK2A,-1,GABBR1
RAD50,1,MRE11
RET,1,AFAP1L2
DEPTOR_EEF1A1_MLST8_MTOR_PRR5_RICTOR,1,ELP1
NR4A3,-1,BCL2
CDK1,1,AKAP12
NPM1,1,FBXW7
CDK2,1,UBE2A
SKP2,-1,CDKN1A
SRC,1,RAPGEF1
SRC,1,FHOD1
MTNR1A,1,GNAO1
GNB1,1,PIK3CA
NCOA1,1,STAT5A
CHEK2,1,PSME3
RRAGC,1,AKT1S1_DEPTOR_MLST8_MTOR_RPTOR
TNPO1,1,PER1
PRKACA,-1,CDK16
SMAD7,1,TAB3
RPS6KB1,-1,TRIB2
CRBN_CUL4A_DDB1_RBX1,-1,LATS2
CRBN_CUL4A_DDB1_RBX1,-1,LATS1
CCNE2_CDK2,-1,MYOD1
FZR1,1,UBE2S
MAPK3,-1,CASP9
MAF,-1,ETS1
PPP1CA,-1,NEK2
MAP2K1,1,ARRB2
HMGA2,-1,E4F1
MAVS,1,CASP8
ARHGAP1,-1,CDC42
JDP2,-1,JUN
NCOA1,1,ESR1
AKT3,-1,STK4
CRTC2,1,NR3C1
GATA2,-1,SPI1
CHEK1,1,RB1
NEK1,1,ATRIP
ARHGEF6,1,RAC1
CUL1_FBXW7_SKP1,-1,FOXM1
ITGB4,1,PIK3CB
ERBB3,1,PIK3CB
GSK3B,1,TP53
MAPK3,1,TP53
HSPA8,1,RNF5
APBA1,1,CASK
DVL2,1,LRP6
PRKACA,1,RASGRF1
AKT1,-1,FBXO31
SIRT1,1,PLCG1
PAK2,-1,NF2
CDK7,1,ESR1
BRSK2,1,PRKAA1
TRIM24,1,AR
BIRC2,-1,CASP2
PIK3R6,-1,PIK3CA_PIK3R1
BLM,1,UIMC1
DEPTOR_EEF1A1_MLST8_MTOR_PRR5_RICTOR,1,YAP1
FZD5,1,DVL1
KAT5,1,MYOD1
PKM,1,RBBP8
CRHR1,1,GNAI1
NAT10,1,PARP1
PPP2CA,-1,TRAF2
MARK2,1,PARD3
CCNE2_CDK2,-1,SIRT2
GSK3B,-1,TRAF6
CD74,1,CXCR4
S1PR1,1,GNAI1
CDK2,1,RBBP8
RHOA,1,EZR
RASGRF2,1,RAC1
APBA1,1,STXBP1
MAML1,1,CCNC
STUB1,-1,IRS4
PRKCQ,-1,IRS1
NLK,-1,NOTCH1
CBL,-1,FLT3
DOCK8,1,CDC42
CDK2,1,TOB2
TLX1,-1,PPP2CB
DEPTOR_EEF1A1_MLST8_MTOR_PRR5_RICTOR,1,SGK1
TNKS,-1,APC_AXIN1_GSK3B
RNF111,-1,SUMO2
PEX5,1,SQSTM1
SNX8,1,IKBKB
RPS6KA1,-1,IRS1
MYD88,1,TRAF3
DLG3,1,GRIN1_GRIN2D
PLK1,-1,MRE11
RELA,1,JUN
RPS6KA1,-1,CDC34
CSNK2A1,1,PTPRJ
MAPK14,-1,CASP3
MOB1A,1,LATS1
ACTL6A_ARID1A_ARID1B_ARID2_SMARCA4_SMARCB1_SMARCC1_SMARCC2_SMARCD1_SMARCE1,1,RUNX1
WNT2,1,LRP6
BCL3,1,HDAC1
MAP1LC3C,1,WDFY3
CDH5,1,CTNNB1
CBLB,-1,FLT3
MAPK3,-1,LIFR
CREBBP,1,TP53
RIN1,1,EGFR
SMURF2,-1,BMPR2
FH,1,ATF2
PTGS2,1,IL4
ARHGAP17,1,RAC1
DOK1,-1,ITGB5
TRIO,1,DCC
EZR,1,FES
KCTD13,-1,RHOA
GTF2I,1,PRRX1
FKBP4,1,AR
AKT1,-1,NR3C1
DOK1,-1,ITGA6_ITGB4
KHSRP,-1,CDKN1A
IRS2,1,PIK3CA_PIK3R1
RIN1,1,HRAS
ABL1,1,HDAC2
PPP2CA_PPP2R1A_PPP2R2B,-1,AR
AKT2,1,ESR1
MCRIP1,-1,CTBP1
CSNK1D,1,NCOA3
FYN,-1,ARHGAP33
CCNA2_CDK2,1,SP1
MAPK6,1,NCOA3
PRKACA,1,LRP6
ANK3,1,CDH1
PLCG1,1,CDKN1A
NBR1,1,SQSTM1
SMURF2,-1,SMAD9
KDM1A,1,H3-4
CDK1,-1,ESCO1
MAPK14,-1,TP53BP1
CSF1R,1,PLCG2
NR3C1,1,STAT5A
PLK1,-1,MAD2L1BP
CDH4,1,RAC1
SRF,1,IL6
AKT1,1,USP14
DRD1,1,GNAL
SMO,1,GNGT1
PDGFRB,1,FYN
HDAC4,-1,MEF2C
NCOA2,1,NR3C1
CBLB,-1,NTRK1
BLK,1,CD79A_CD79B_P0DOX6_P0DOX8
PARD6A,1,PRKCA
BMP4,1,BMPR1A
PLK1,1,NEK9
MYCBP2,-1,AR
BLK,1,CD79A_CD79B_P0DOX3_P0DOX8
KHSRP,-1,DVL3
PRKACA,-1,SYN2
CSK,1,PTPRC
PRKCB,-1,PRKAA1
CDK5,1,EZR
CHUK,1,IRF7
LNPK,1,AKT1S1_DEPTOR_MLST8_MTOR_RPTOR
ESR1,1,PIK3CA_PIK3R1
RANBP9,-1,DYRK1B
ITGB1BP1,-1,ITGB7
PPP1CA,1,RIGI
PINK1,1,UBA52
CDK5RAP2,1,CEP152
CCND1_CDK4,-1,BRCA1
SOCS1,-1,VAV1
PRKN,-1,CAV1
PPP3CA,-1,PPP1R1A
TNPO1,1,NUP153
WDFY3,-1,DVL3
RAF1,-1,MAP3K5
HTR1D,1,GNAI1
MAPKAPK2,1,BAG2
RIT1,1,BRAF
PRKD1,1,TLR5
UBE3A,-1,TSC2
CHEK2,1,VHL
GRB14,-1,INSR
TP53RK,1,TP53
CDK1,1,PTTG1
PKN1,1,MAP3K20
PTPN11,-1,NEDD9
CSNK2A1,1,HSF1
NBR1,1,GABARAPL2
ARHGEF9,1,CDC42
HDAC5,-1,MEF2C
ICAM1,1,ITGAX
AKT2,-1,KHSRP
CDC42,-1,GSK3B
PXN,1,ILK_LIMS1_LIMS2_LIMS3_LIMS4_PARVA
CALM3,1,PPP3CA
TRIM27,-1,PPARG
CREBBP,1,MYOD1
AKT1,-1,NCOR1
MAP2K7,-1,FADD
CSNK1A1,-1,FOXO1
BORA,1,AURKA
FUS,1,CSDE1
PPP2CB,1,BCL2
ADAM9,-1,FGFR2
ADAM17,1,TNF
GSK3B,-1,MAML1
RB1,1,MYOD1
RPS6KB1,-1,LTC4S
MAP4K4,-1,SMAD1
AXL,1,MLKL
AXIN1,-1,BMPR1A
ACVR2A,1,ACVR1
PKN1,1,MAPK14
SRC,-1,PRMT5
CHUK,-1,FOXO3
MDM2,-1,EP300
TRAF6,1,TAB3
GATA3,-1,CEBPA
KRAS,1,RASSF1
PRKCA,1,ANXA1
RNF8,-1,H1-2
CCNO,1,CDK13
DEPTOR_EEF1A1_MLST8_MTOR_PRR5_RICTOR,1,FBXW8
CREBBP_EP300,1,DDX5
CDK4,-1,RASSF1
FBXO31,1,CUL1_RBX1_SKP1
ATG13_RB1CC1_ULK1,1,AMBRA1
PTK2B,1,PTK2
MINK1,-1,SMAD1
IL15RA,1,TYK2
CDC7,-1,ESCO1
RPS6KA1,-1,STK11
RPS6KA3,-1,CIC
FYN,1,CD300LB
DEPTOR_EEF1A1_MLST8_MTOR_PRR5_RICTOR,1,PRKCE
MAP3K3,1,MAP2K3
KCTD10,1,CUL3_RBX1_SKP1
PRKACA,-1,ARHGDIA
GSK3B,-1,CCND3
TNFSF10,1,NFKB1
PRKACA,-1,TBXA2R
BRAP,-1,KSR1
EGFR,1,ANXA1
CCNC,-1,NOTCH1
ARF1,-1,GIT1
GIT1,-1,ARF1
PTPRH,-1,BCAR1
CAPN1,-1,PTK2
SRC,1,ADAM12
ACTB,-1,PLD1
FYN,1,ARHGAP32
INSR,1,PTPN11
CAPN1,-1,CBL
CBL,-1,ITGA5
FYN,1,SDC4
SYK,1,CTTN
CAPN1,-1,EZR
PTPN6,-1,CBL
PDPK1,1,ITGB1
PPP2CA,-1,PXN
ARHGAP24,-1,RAC1
VAV1,1,HRAS
NCK2,1,PAK1
PAK1,1,NCK2
ARPC2,1,ACTB
ACTB,1,ARPC2
PLCG1,1,DAG1
PPP2CA,-1,PRKCA
PRKCA,1,TLN1
CRK,1,GAB1
SYK,1,PXN
PTPRA,-1,BCAR1
PRKACA,1,CAPN1
PTPN12,-1,PXN
ACTB,-1,ABL1
SRC,1,PKD1
INSR,1,RASA1
ADAM12,1,PIK3CA
CBL,-1,PIK3CA
CSK,1,FYN
CAPN1,-1,CTTN
SOS1,1,RAC1
AKT1,1,PAK1
ACTN1,-1,PLD1
FYN,1,PRKCA
RAC1,1,PLD1
PTK2,1,PIK3CA
CAV1,-1,PPP2CA
FYN,1,PTPN11
CAPN1,-1,FLNA
MAPK1,1,CAPN1
ACTB,1,CTTN
CTTN,1,ACTB
PTK2,1,ARHGEF6
ACTN1,-1,CAPN1
PRKCA,1,FLNA
PRKACA,1,PTPN12
PTPN12,-1,NEDD9
CAPN1,-1,ACTN1
GIT1,-1,PXN
CRKL,1,PXN
ITGB1,1,SRC
CRKL,1,GAB1
GAB1,1,CRKL
INSR,1,VAV1
PTPN12,-1,VAV1
PRKCA,1,RHOA
CAPN1,-1,TLN1
PTK2,-1,PTPRH
PTPRH,-1,PTK2
CAPN1,-1,RHOA
PRKCA,1,CAPN1
CAPN1,-1,PXN
DAG1,1,PRKCA
PIK3CA,1,VAV1
CAPN1,-1,PTPN6
GIT1,1,PTK2
PTK2,1,GRB7
PPP2CA,-1,NEDD9
SRC,1,MAPK8IP3
PRKCA,1,ACTB
SYK,1,PIK3CA
ELMO1,1,RAC1
PTEN,-1,SHC1
IRS1,1,AKT1
AKT1,1,FLNA
PTPN6,-1,ACTN1
SYK,1,PTK2B
PRKCA,1,ITGB1
CAPN1,-1,ITGB1
PTPRH,-1,SRC
PTK2B,1,SH3KBP1
TRIO,1,RHOA
CRK,1,DOCK1
ITGA5,1,PTPN2
PTPN1,-1,BCAR1
CAPN1,-1,SRC
AKT1,1,ITGB1
MAPK1,1,PXN
PRKCA,1,PTPRA
CAPN1,-1,PTPN1
PTPN1,-1,CAPN1
ADAM12,1,ITGB1
PRKCA,1,STAT3
PLD1,-1,DNM2
ARF1,1,PLD1
CSK,1,IRS1
PPP2CA,-1,BCAR1
PIK3CA,1,PTK2B
RHOA,-1,PTPN1
ITGAX,1,CSK
PRKCA,1,RAC1
LYN,1,PRKCA
FYN,1,ITGB1
ARHGEF6,-1,CBL
ITGB1,1,PRKACA
PRKACA,1,ITGB1
SRC,1,ITGB6
ITGB6,1,SRC
PRKCA,1,ITGB3
ITGA6,1,CSK
ITGAM,1,CSK
PTPN6,-1,VAV2
ITGAE,1,CSK
ITGA2,1,CSK
RAC1,-1,RHOA
ITGB6,1,PTK2
PDPK1,1,PRKACA
ITGB8,1,PTK2
ARHGEF6,-1,ARHGEF12
PTPN11,-1,VAV1
PTPN11,-1,VAV2
PIK3CA,1,RAC1
RAC1,1,PIK3CA
ITGAL,1,CSK
VAV3,1,RAC1
CRKL,1,DOCK1
ITGA8,1,CSK
FYN,1,ABL1
PTK2,1,ITGB7
PTPN1,-1,CRK
ITGB3,1,PTK2
RHOA,1,ACTB
SRC,1,ITGB8
ITGB8,1,SRC
ITGA9,1,CSK
ITGB6,1,CSK
PTK2B,1,RAC1
ARHGEF7,-1,ARHGEF12
ITGB5,1,PTK2
PRKCA,1,PTK2
ITGB5,1,CSK
ITGB4,1,CSK
ITGB7,1,CSK
SRC,1,ITGB5
ITGB5,1,SRC
PTPN6,-1,VAV3
ITGB4,1,PTK2
ITGA5,1,CSK
HRAS,1,ARHGEF6
ITGA4,1,CSK
PLCG1,1,VAV2
SRC,1,ITGB4
SRC,1,ITGB7
ITGB2,1,CSK
ITGB4,1,SRC
MAPK1,-1,ROCK1
ITGA11,1,CSK
ITGB3,1,CSK
THY1,-1,ARHGAP35
THY1,-1,ARHGAP5
SYK,1,VAV3
SYK,1,ITGB3
ITGB1,1,CSK
ITGA3,1,CSK
ITGA1,1,CSK
ITGB8,1,CSK
PTPN11,-1,VAV3
PRKACA,1,MAPK1
MAPK1,1,PRKACA
PIK3CA,1,PDPK1
ITGAV,1,CSK
CAPN1,-1,ITGB3
ROCK1,1,PTK2
FYN,1,VAV2
TGFB1,1,TGFBR1_TGFBR2
IL6,1,IL6R_IL6ST
IL16,1,CD4
DCN,-1,EGFR
EFNB1,1,EPHB6
NCAM1,1,FGFR1
FGF2,1,FGFR1
SDC2,1,FGFR4
CNTN1,1,NRCAM
FGF2,1,SDC2
FGF2,1,SDC4
THBS1,1,SDC4
ICAM3,1,ITGB2
AMH,1,ACVR1
TGFB1,1,EGFR
TGFB1,1,SMAD3
COL1A1,1,ITGA5
COL1A1,1,ITGAV
COL1A1,1,ITGA11
COL1A1,1,ITGA2
VTN,1,ITGA5
VTN,1,ITGA8
VTN,1,ITGAV
VTN,-1,KDR
VTN,1,ITGB3
VTN,1,ITGB6
VTN,1,ITGB5
LAMA4,1,ITGA6
LAMA4,1,ITGAV
LAMA4,1,ITGB1
INHBA,1,ACVR1
INHBA,1,BAMBI
INHBA,1,ACVR1B
TPH1,1,HTR7
TPH1,1,HTR1A
TPH1,1,HTR1F
TPH1,1,HTR1D
TPH1,1,HTR2C
TPH1,1,HTR4
TPH1,1,HTR6
TPH1,1,HTR1B
TPH1,1,HTR2A
TPH1,1,HTR2B
TPH1,1,HTR1E
AANAT,1,MTNR1B
AANAT,1,MTNR1A
APOE,1,LRP5
GDF11,1,ACVR1B
THBS1,1,ITGA4
THBS1,1,ITGB1
THBS1,1,ITGB3
THBS1,1,ITGA6
CDH1,1,ITGB7
CDH1,1,ITGAE
LAMC2,1,ITGA6
LAMC2,1,ITGB1
LAMC2,1,ITGA2
ICAM1,1,EGFR
WNT5A,1,FZD8
ICAM1,1,ITGB2
WNT2,1,FZD4
WNT2,1,FZD3
WNT2,1,FZD8
WNT2,1,FZD2
SFRP2,-1,FZD5
WNT4,1,FZD8
WNT4,1,FZD2
WNT1,1,FZD5
VCAM1,1,ITGA4
VCAM1,1,ITGB1
VCAM1,1,ITGB2
COL1A2,1,ITGB1
COL1A2,1,ITGA11
COL1A2,1,ITGB3
FGA,1,ITGB2
ADAM17,1,ITGB1
ADAM17,1,ERBB4
HMGB1,-1,TLR9
FN1,1,ITGA4
FN1,1,ITGB3
FN1,1,ITGA6
FN1,1,ITGA8
COL18A1,1,ITGB1
ADAM15,1,ITGB1
ADAM15,1,ITGB3
GAD1,1,GRM4
SYK,1,LAT
LAMA4,1,ITGA3
THBS1,1,ITGA3
VTN,1,ITGA3
LAMC2,1,ITGA3
FN1,1,ITGA3
LAMC2,1,ITGB4
VTN,1,ITGB8
FN1,1,ITGB8
GSTP1,1,TRAF2
HMGB1,1,TLR2
COL1A2,1,ITGAV
ADAM9,1,ITGAV
FN1,1,ITGAV
PDGFA,1,PDGFRB
FN1,1,FLT4
AGT,1,LRP2
CXCL8,1,KDR
ADAM12,1,ITGA9
ADAM15,1,ITGA9
FN1,1,ITGA9
FN1,1,ITGB7
FGF1,1,EGFR
CAMP,1,EGFR
VEGFA,1,EGFR
FASLG,1,TNFRSF10B
COL1A2,1,ITGA1
FN1,1,ITGB6
WNT1,1,FZD7
WNT4,1,FZD1
ADAM15,1,ITGA5
COL18A1,1,ITGA5
ADAM17,1,ITGA5
FN1,1,ITGA5
ADAM9,1,ITGB5
COL1A2,1,ITGA2
FN1,1,ITGA2
HRAS,1,SDC2
FN1,1,SDC2
TNF,-1,TRADD
ADAM9,1,ITGB1
ADAM9,1,ITGA6
KLK4,1,F2R
BMP4,1,BMPR1B
GDF11,1,ACVR2A
INHBA,1,ACVR1C
SFRP1,-1,FZD2
WNT1,1,FZD2
WNT1,1,FZD4
WNT11,1,FZD8
WNT2,1,FZD5
WNT2,1,FZD7
WNT5A,1,FZD7
MET,-1,FAS
FGF2,1,ITGB3
CD4,1,CCR5
LYN,1,EPOR
FGF2,1,ITGAV
MET,1,CDH1
MST1R,1,MET
NFASC,1,NRCAM
AR,1,EGFR
AMH,1,BMPR1B
ICAM1,1,VCAM1
MET,1,ERBB3
SRC,1,EFNB1
EDNRA,1,GNA11
FGF2,-1,THBS1
BMP4,1,ACVR1
BMP4,1,ACVR2A
IKBKB,1,TP63
SYK,1,LCP2
CDK2,1,NCOA1
ABL1,1,MET
MAP3K5,1,MAPK8
PPP1CC,1,CDC25C
LYN,1,ABL1
LCK,1,SOCS3
GRK2,-1,CHRM2
MAPK3,-1,FGFR2
JAK3,1,SHC1
BTK,1,NFKBIA
PRKCA,1,ILK
PINK1,1,BCL2L1
PRKCB,1,PPARA
JAK2,1,GRB2
CSK,-1,YES1
PRKCA,-1,EPHA2
CDK2,1,BARD1
IKBKB,1,IRF3
PRKACA,-1,SIK2
MAPK3,1,EP300
LCK,1,STAT5A
MAP3K10,1,DYRK2
PRKCA,1,NHERF1
PRKACA,1,CARM1
PRKCE,-1,EGFR
PTK6,1,PXN
PRKCI,1,PARD3
SRC,1,SH3GLB1
SRC,1,ARHGEF7
MAPK9,1,FOXO4
MAPK8,1,RARA
CSNK1A1,1,APC
PRKCA,1,PEBP1
SRC,1,FOS
MAP3K5,1,MAPK14
MAPK14,1,AR
PRKCA,1,ADAM17
CDK4,1,MDM4
SRC,-1,SDC2
PRKCA,1,PRKD3
PRKD1,1,ITGB4
GRK2,1,TP53
PIK3CA,1,RPS6KB1
PRKCE,-1,MET
PAK1,1,BRAF
NLK,-1,SMAD4
PRKACA,1,TRIP10
SRC,1,PLCG2
PRKACA,1,EZR
PTPRC,-1,CD247
PTPRF,1,CTNNB1
ACP1,1,CTNNB1
DUSP14,-1,MAPK3
DUSP14,-1,MAPK9
DUSP14,-1,MAPK14
DUSP16,-1,MAPK9
DUSP16,-1,MAPK10
PPP1CA,-1,CAMK2A
PPP1CB,1,CDC25C
PPP2CA,-1,PRKCI
PPP2CA,-1,PRKD1
PPP2CA,1,MYC
PPP2CA,-1,PRKACA
PPP2CA,1,CAMK2A
PPP2CB,-1,RPS6KB1
PPP2CB,-1,PRKCI
PPP3CA,1,DNM1
PPP3CA,1,GSK3B
PPP3CA,-1,PPP1R1B
PPP3CB,1,DNM1
PPP3CC,1,DNM1
PPM1A,-1,MAP2K6
PPM1A,-1,MAP2K4
PTP4A3,-1,BCAR1
PTPN1,-1,DOK1
PTPRJ,1,CTNND1
PTPN11,-1,PAG1
PTPN11,-1,MAP3K4
PTPN11,-1,KDR
PRKAB1,1,IRS1
DUSP3,-1,MAPK9
PRKCD,-1,MET
RPS6KA2,1,CREB1
LYN,1,STAT5A
YES1,1,CBL
MAPK1,1,RELA
CDK4,-1,RBL2
HCK,1,BCR
MAP2K4,1,MAPK12
CASP3,1,STK3
RPS6KA2,1,ATF4
CCND2,-1,RB1
CSNK1D,1,APC
FGFR1,1,PLCG1
EGFR,1,PLCG2
AKT1,1,MST1
GRK2,1,CCR5
PRKAB1,1,FOXO3
CDK5,1,RASGRF2
ATM,1,TAOK3
PRKAB1,1,TSC2
MAPK8,1,JDP2
FYN,-1,CTNND1
ABL1,1,PRKD2
PTK6,1,ARHGAP35
PRMT1,1,KHDRBS1
KMT5A,1,TP53
CREBBP,1,STAT3
CASP3,1,CDKN1A
MYT1,-1,CDK1
SGK1,1,CREB1
CDK1,1,GFAP
SUMO1,1,NR3C1
RPS6KA1,1,NR4A1
PAK1,1,CASP1
RHEB,-1,BRAF
FER,1,CTTN
CDK1,1,ABL1
EP300,1,AR
CARM1,1,CREBBP
PRMT1,-1,STAT1
LCK,1,STAT1
RPS6KA1,1,SRF
RET,1,MAPK8
UBE2I,1,HDAC1
TGFBR1,1,SMAD1
CASP1,1,BID
AKT1,1,EIF4EBP1
PRMT1,-1,NRIP1
SUMO1,1,CTBP1
RPS6KA3,1,H3-4
CDK5,1,DAB1
MAP2K1,1,RPS6KA4
ANAPC1,1,PTTG1
PRKCZ,1,PEBP1
PDK1,1,RPS6KB1
AKT1,1,THRA
PTPRC,1,SLK
CDK1,1,RXRA
CDK2,-1,ANAPC1
CDK2,1,AXIN1
CDK2,1,E2F5
CDK2,-1,MDM2
CDK2,-1,SMAD4
CDK5,-1,STXBP1
CSF1R,1,IRS1
CSK,-1,HCK
CSNK1D,1,YWHAQ
CSNK1E,1,TP53
CSNK1E,1,YWHAQ
CSNK1E,1,YWHAZ
CSNK1G1,1,TP53
CSNK1G1,1,YWHAQ
EGFR,-1,BCAR1
FGFR2,1,PLCG1
FGFR3,1,PLCG1
FGFR4,1,PLCG1
FYN,1,EPHB2
FYN,1,LCK
GSK3B,1,CTTN
GSK3B,1,NEUROD1
GSK3B,1,OTUD7B
GSK3B,1,UBE2A
IGF1R,1,CTTN
ILK,1,AKT3
INSR,1,PRKCI
INSR,1,VAV2
LCK,1,ABL1
LCK,-1,EPHA3
LCK,-1,JAK1
LCK,-1,JAK3
LYN,-1,FYN
LYN,1,PDGFRB
MAP3K1,1,MAP2K3
MAP3K7,-1,SMAD3
MAP3K8,1,MAPK1
MAPK1,1,E2F1
MAPK1,1,RARA
MAPK10,1,NR3C1
MAPK12,1,MEF2C
MAPK14,1,ETS1
MAPK14,1,ETS2
MAPK14,1,MYC
MAPK14,1,RARA
MAPK14,1,RELA
MAPK3,1,ZFP36
MAPK8,1,ESR1
MAPK8,1,MAP3K11
MAPK8,1,NPM1
MAPK8,1,SMAD4
MAPK8,1,SRC
MAPK9,1,FOS
MAPK9,1,NR3C1
PAK3,1,CTTN
PDGFRA,1,RASA1
PDGFRA,1,SHC1
PDGFRB,1,PIK3R1
PDK1,1,AKT3
PDK1,1,PRKACA
PDK1,1,PRKCA
PDK1,1,PRKCZ
PDK1,1,RPS6KA1
PDK1,1,SGK3
PLK1,-1,MYT1
PRKAA1,-1,MTOR
PRKACA,1,ATF2
PRKACA,1,MTOR
PRKACA,1,YWHAH
PRKACB,1,RAP1A
PRKCA,1,ATF2
PRKCA,-1,ERBB2
PRKCA,1,FOS
PRKCA,1,IKBKB
PRKCA,1,PPP1R1A
PRKCA,1,S1PR1
PRKCA,1,YWHAH
PRKCB,1,BRAF
PRKCB,-1,EGFR
PRKCB,-1,ERBB2
PRKCB,1,PPP1R14A
PRKCZ,-1,AKT1
PRKCZ,-1,MET
PRKDC,1,MDM2
PTPRA,1,INSR
ROCK2,1,EZR
ROCK2,1,LIMK2
RPS6KA2,-1,TSC2
RPS6KA3,1,FOS
RPS6KA3,1,SRF
SGK1,1,WNK1
SRC,1,JAK2
SRC,-1,MET
SRC,1,RET
WNK1,-1,WNK4
RACK1,-1,TRPM7
CASP3,-1,ITGB4
RNF8,1,RXRA
MAPK14,1,MAPKAPK2
MAPKAPK2,1,HNRNPA0
HNRNPD,-1,GADD45A
MAPKAPK2,-1,PARN
HNRNPA0,1,GADD45A
CREB1,1,IL2
JAK2,1,EPOR
MAPK14,-1,TIAL1
PARN,1,GADD45A
ZFP36,-1,TNF
NUMB,-1,NOTCH1
TIAL1,-1,GADD45A
MAPK14,1,ZFP36
MAPKAPK2,-1,ZFP36
JAG2,1,NOTCH1
CREB1,1,IL10
CREB1,1,IL6
PRKAA1_PRKAA2_PRKAB1_PRKAB2_PRKAG1_PRKAG2_PRKAG3,-1,CRTC2
CREB1,1,MIF
CREB1,1,TNF
CREB1,1,PTGS2
GABPA,1,TXN
MAPK3,1,GABPA
MAPK1,1,GABPA
TUB,1,MAPK1
TUB,1,MAPK3
KEAP1,-1,GABPA
GATA3,1,FGF10
PAX3,1,DACH2
DACH2,1,PAX3
MEF2C,1,JUN
AKT1,1,CHUK
CHUK,-1,NFKB1
PIK3R1,1,AKT1
CREB1,1,CDK6
CDKN1A,-1,CDK1
CCL2,1,MMP14
MMP14,1,MMP2
ABL1,1,TP73
PRKDC,1,ABL1
LEPR,1,JAK1
BTRC_CUL1_SKP1,-1,PER1
MYCN,1,TP53
MIR155HG,-1,RHOA
USP7,1,MDM2
USP7,1,MDM4
RELA,-1,PTEN
RBL2,1,E2F5
RBL2,1,E2F4
MDC1,1,TP53BP1
PRKN,1,CTNNB1
MDC1,1,RNF8
PRKN,-1,RANBP2
PRKN,-1,PUF60
PRKN,-1,JUN
PRKN,-1,HSPA1B
TP53BP1,1,HDAC4
PREX2,-1,PTEN
PARK7,1,HTRA2
USP28,-1,FBXW7
PINK1,1,PRKN
PTPN12,1,PIN1
PEBP1,-1,RAF1
PIN1,1,BRAF
CDK2,1,MYC
HBP1,-1,MYC
TRRAP,1,MYC
MYC,1,JAG2
FBXW7,-1,MYC
PIN1,1,PTPN12
PDPK1,1,PAK1
PAK1,1,PXN
CASP3,1,PRKDC
PAK1,1,FLNA
CASP3,1,PAK2
PTPN12,-1,PTK2
ATM,1,USP28
MAP2K4,1,MAPK8
MAP3K7,1,MAP2K4
INHBA,1,ACTR2
PIK3R1,1,RAC1
PIK3R2,1,RAC1
ULK1,1,ATG13
UVRAG,1,BECN1
ULK1,1,RB1CC1
MTOR,-1,ATG13
SH3GLB1,1,UVRAG
ATG13,1,RB1CC1
MTOR,-1,ULK2
BECN1,1,PIK3R4
TIAM1,1,RAC1
HRAS,1,TIAM1
RPTOR,-1,MTOR
AKT1,-1,AKT1S1
DAPK1,-1,CAMKK2
DAPK1,-1,MAPK6
UVRAG,1,PIK3R4
ULK2,1,ATG13
CAPN2,-1,BCL2
BCL2L1,-1,BECN1
AKT1S1,-1,RPTOR
CASP2,1,CYCS
MTOR,-1,AKT1S1
RB1CC1,1,ULK2
AKT1,1,S1PR1
MIR17HG,-1,BMPR2
MAPK14,1,MAPKAPK5
MAPKAPK5,1,TP53
CASP2,1,DIABLO
MIR17HG,-1,MAP3K12
BNIP3,-1,BCL2
BNIP3,-1,BCL2L1
CAPN1,-1,BCL2L1
ATG4B,1,MAP1LC3B
CALM1,1,DAPK1
SH3GLB1,1,PIK3C3
ATM,1,DCK
CAPN1,-1,BCL2
CAPN2,1,BID
CAPN1,1,BID
CASP3,-1,EIF4EBP1
CASP3,-1,BCAR1
CASP3,-1,EIF4G2
CASP3,-1,BCL2
CASP6,-1,NUMA1
CAPN2,-1,BCL2L1
CASP2,1,RIPK1
SMAD4,1,MIR155HG
CASP10,-1,RIPK1
CASP10,1,BID
TOPBP1,1,ATR
E2F2,1,CDK1
POU4F3,1,GFI1
E2F1,1,BRCA1
TIRAP,1,MYD88
PDPK1,1,PRKCG
PDK1,1,PRKCG
OTUD5,-1,TRAF3
OTUB1,-1,TRAF3
JAG1,1,CDKN1B
CDK5,1,RALB
E2F1,1,EZH2
RASSF1,1,MST1
RASSF1,-1,CCND1
E2F3,1,CDK1
WNT1,1,JAG1
WNT1,1,NOTCH1
NOTCH1,1,WNT1
NOTCH1,1,BMP4
RALA,1,RALBP1
MYC,1,NME1
RALB,1,RALBP1
BHLHE41,1,RBPJ
RALGDS,1,RALA
RALBP1,-1,CDC42
RALBP1,-1,RAC1
WNT1,1,HES1
LTC4S,1,RBPJ
JAG1,1,NOTCH1
NOTCH1,1,HES1
LTC4S,1,TP53
KIT,1,GRB2
IKBKE,1,IRF7
ERBB2,1,GRB2
E2F1,1,PCNA
AKT2,1,CDKN1A
AKT1,-1,CDKN1B
KRAS,1,RAF1
TGFA,1,ERBB2
VDR,1,CASP3
PRKCG,1,RAF1
SIRT6,1,RBBP8
RHOA,1,PLD1
MAPK7,1,MYC
FLT3,1,GRB2
SFRP2,-1,WNT4
SFRP1,-1,WNT4
SFRP2,-1,WNT1
PAX6,1,CDH2
SFRP1,-1,WNT2
SFRP1,1,WNT1
PAX6,1,SFRP2
PAX6,1,SFRP1
PAX6,1,FN1
BIRC2,-1,CASP3
CASP2,1,BID
CASP3,1,CASP2
MCL1,-1,BAK1
BIRC6,-1,CASP9
HTR1A,1,GNB2
MTOR,-1,ULK1
RHEB,1,MTOR
TSC2,-1,RHEB
TSC2,1,TSC1
PRKAA1_PRKAA2_PRKAB1_PRKAB2_PRKAG1_PRKAG2_PRKAG3,1,TSC2
RHOA,1,DIAPH1
RHOA,1,ROCK2
MET,1,CTTN
AKT1,-1,TSC2
RET,1,SHC1
NTRK1,1,SHC1
RET,1,GRB2
ATG3,1,MAP1LC3B
CAMKK2,1,PRKAG1
NKX3-1,-1,HDAC1
AR,1,NKX3-1
FOXO1,1,CDKN1A
RAF1,-1,STK3
E2F6,-1,RBBP8
CASP3,-1,NUMA1
CFLAR,-1,CASP10
CASP7,-1,TNFRSF1A
CASP7,-1,ITGB4
CASP10,1,CASP3
CASP3,-1,PXN
PPP1CA,1,BAD
CASP3,-1,PTK2
BCL2L1,-1,APAF1
DAPK1,1,TP53
DAPK3,-1,RPL13A
CDKN2A,-1,BCL2L1
SMAD2,1,DAPK1
MAPK8,-1,BCL2
PRKCI,-1,BAD
DAPK1,1,PRKD1
DAPK1,1,BECN1
HSP90AA1,1,DAPK1
RHEB,-1,FKBP8
FKBP8,-1,MTOR
PRKCZ,-1,FADD
PIDD1,1,CASP2
PIDD1,1,IKBKG
MIR17HG,-1,JAK1
RPS6KA3,1,RPTOR
PRKAA1_PRKAA2_PRKAB1_PRKAB2_PRKAG1_PRKAG2_PRKAG3,-1,RPTOR
FAS,1,CASP8AP2
RPS6KA1,1,RPTOR
CASP8AP2,1,CASP8
RPL13A,-1,DAPK3
MAP2K1,1,MAPK3
MAPK3,1,RPS6KA3
MAPK1,1,RPS6KA1
MAPK1,1,RPS6KA3
SMAD4,1,DAPK1
MAPK1,1,DAPK1
SRC,-1,DAPK1
PTPRF,1,DAPK1
SMAD3,1,DAPK1
DAPK1,1,DAPK3
DAPK1,-1,TSC2
MAPK3,1,DAPK1
RRAS,1,RAF1
RPS6KA1,-1,DAPK1
RPS6KA3,-1,DAPK1
RAF1,1,MAP2K1
DAPK3,1,NR3C1
DAPK3,1,PPP1R14A
CTNNB1,-1,DAPK2
DAPK3,1,AR
ROCK1,1,DAPK3
PPP1R14A,-1,PPP1CA
RPL13A,-1,DAPK1
DAPK1,-1,TLN1
TLN1,1,ITGB1
DAPK1,-1,ITGA3
DAPK1,1,CDKN2A
CDC42,1,MAP3K4
RAC1,1,MAP3K1
STAT3,1,WNT5A
RAC1,1,MAP3K4
ATM,1,MDC1
SP1,1,WNT5A
TP53,-1,APC
ELAVL1,1,SIRT1
CHEK2,1,ELAVL1
MIR155HG,-1,SPI1
CHEK1,1,WEE1
WNT5A,1,FZD2
MIR17HG,-1,CDKN1A
PUF60,-1,MYC
PUF60,-1,FUBP1
AKT1,1,CDKN1A
CDK7,1,ETS1
FUBP1,1,MYC
MECP2,1,PER1
IL6R_IL6ST,1,JAK2
E2F3,1,CDKN2A
BTG2,-1,PER1
TP53,1,FANCC
E2F4,-1,CLSPN
E2F2,1,CDKN2A
CDK1,1,BRCA1
E2F1,1,CDKN2A
E2F2,1,PCNA
E2F6,-1,BRCA1
CCNB1_CDK1,1,BRCA1
TP53,1,HGF
SUMO1,1,PML
TP53,1,EGFR
MAPKAPK2,-1,CDC25A
TP53,1,EPHA2
CHEK1,-1,CDC25B
TP53,1,EDN2
MAPKAPK2,-1,CDC25C
TP53,1,EEF1A1
MAPKAPK2,-1,CDC25B
TP53,1,HTT
STAT1,1,FAS
STAT1,1,CDKN1A
NFE2L2,1,PRDX1
ATM,1,BID
GABBR1,1,GNB2
ATR,1,RBBP8
E2F1,1,APAF1
CDK1,1,E2F1
MTOR,1,EIF4EBP3
MTOR,-1,EIF4EBP2
TSC1_TSC2,-1,RHEB
MAPKAPK2,-1,TSC1
TP53,1,BDKRB2
TP53,1,BID
MAP3K8,1,MAP3K14
IKBKB,-1,TSC1
MAP3K8,1,MAP2K4
EIF4EBP2,-1,EIF4E
TP53,1,COL18A1
EIF4EBP1,-1,EIF4E
MTOR,-1,EIF4EBP1
EIF4EBP3,1,EIF4E
BCL10,1,IKBKG
TP53,1,CASP6
TP53,1,CASP10
TP53,1,CASP1
TP53,-1,BIRC5
MAP3K14,1,IKBKB
TNIP1,1,IKBKG
E2F2,1,EZH2
EPO,1,EPOR
IL6R_IL6ST,1,JAK1
TP53,-1,CDC25C
MAPKAPK2,-1,TSC2
IKBKG,1,IKBKB
JAK2,1,STAT3
TP53,1,DKK1
TP53,1,DDR1
CHEK2,1,TP53
NFKB1,-1,MAP3K8
ATM,1,STK11
HIPK2,1,TP53
ATM,1,PPP2R5D
CHUK_IKBKB_IKBKG,1,NFKB1
ATM,1,PPP2R5C
CASP1,-1,GAPDH
CASP1,1,CASP7
GTF2I,1,CCND1
CASP1,1,IL33
CCL3L1,1,CCR5
MAP3K7,1,IKBKB
STK11,1,PRKAG1
TNFRSF10A,1,TNFRSF10B
KAT8,1,H4C6
TNFRSF10A,1,RIPK1
TNFRSF10B,1,RIPK1
NMI,1,STAT1
KRT18,-1,TRADD
ATM,1,ABL1
TNFRSF10A,1,TRADD
TNFRSF10B,1,TRADD
TRAF2,1,BIRC2
XPC,1,ATM
STAT1,1,SOCS1
IL10,1,IL10RA
NLRP1,1,CASP5
CASP1,1,FGF2
ISG15,1,JAK1
JAK1,1,IRS1
CASP1,1,IL1A
JAK1,1,IRS2
INSR,1,IRS2
ATF2,1,MMP2
E2F1,1,TP53INP1
STAT1,1,CDKN1B
TRAF2,1,MAP3K14
ABL1,1,STAT1
IFIH1,1,MAVS
TP73,1,TP53INP1
NOD2,1,MAP3K14
PRKDC,1,CASP2
ATM,1,PRKDC
PIDD1,1,PRKDC
STAT1,-1,MYC
STAT1,1,IRF1
EIF2AK2,1,STAT1
TICAM1,1,RIPK1
TICAM1,1,TBK1
TICAM1,1,IKBKE
IFNAR1_IFNAR2,1,JAK1
RSF1,-1,NFKB1
IRF3,1,IFNB1
IRF7,1,IFNB1
CLSPN,1,DDB2
IFNAR1_IFNAR2,1,TYK2
MDM2,-1,PPP2R2C
IRF3,1,ISG15
IRF3,1,CCL5
MAP1B,1,DAPK1
E2F1,1,DAPK2
EPO,1,DAPK2
DAPK3,1,CDKN1A
KLF6,1,DAPK2
